,used_soc,cell_ocv
0,0.0,4.4
102,0.01,4.35375
106,0.02,4.3525
110,0.03,4.351875
114,0.04,4.35125
118,0.05,4.35
122,0.06,4.35
126,0.07,4.34875
130,0.08,4.34875
134,0.09,4.3475
138,0.1,4.3475
143,0.11,4.34625
147,0.12,4.34625
151,0.13,4.345
155,0.14,4.345
159,0.15,4.345
163,0.16,4.34375
167,0.17,4.34375
171,0.18,4.34375
175,0.19,4.3425
179,0.2,4.3425
184,0.21,4.341875
188,0.22,4.34125
192,0.23,4.34125
196,0.24,4.34125
200,0.25,4.34125
204,0.26,4.340624999999999
208,0.27,4.34
212,0.28,4.34
216,0.29,4.34
221,0.3,4.33875
225,0.31,4.33875
229,0.32,4.33875
233,0.33,4.3375
237,0.34,4.3375
241,0.35,4.3375
245,0.36,4.3375
249,0.37,4.3375
253,0.38,4.33625
257,0.39,4.33625
262,0.4,4.33625
266,0.41,4.33625
270,0.42,4.335625
274,0.43,4.335
278,0.44,4.335
282,0.45,4.335
286,0.46,4.335
290,0.47,4.335
294,0.48,4.33375
299,0.49,4.33375
303,0.5,4.33375
307,0.51,4.33375
311,0.52,4.3325
315,0.53,4.3325
319,0.54,4.3325
323,0.55,4.3325
327,0.56,4.3325
331,0.57,4.3325
335,0.58,4.33125
340,0.59,4.33125
344,0.6,4.33125
348,0.61,4.33125
352,0.62,4.33125
356,0.63,4.33125
360,0.64,4.3306249999999995
364,0.65,4.33
368,0.66,4.33
372,0.67,4.33
376,0.68,4.33
380,0.69,4.33
385,0.7,4.32875
389,0.71,4.32875
393,0.72,4.32875
397,0.73,4.32875
401,0.74,4.32875
405,0.75,4.32875
409,0.76,4.3275
413,0.77,4.3275
418,0.78,4.3275
422,0.79,4.3275
426,0.8,4.3275
430,0.81,4.3275
434,0.82,4.3275
438,0.83,4.3275
442,0.84,4.326874999999999
446,0.85,4.32625
450,0.86,4.326874999999999
455,0.87,4.32625
459,0.88,4.32625
463,0.89,4.32625
467,0.9,4.32625
471,0.91,4.32625
475,0.92,4.32625
479,0.93,4.32625
483,0.94,4.3256250000000005
487,0.95,4.325
492,0.96,4.325
496,0.97,4.325
500,0.98,4.325
504,0.99,4.325
508,1.0,4.324375
512,1.01,4.325
516,1.02,4.32375
520,1.03,4.32375
525,1.04,4.32375
529,1.05,4.32375
533,1.06,4.32375
537,1.07,4.32375
541,1.08,4.32375
545,1.09,4.32375
549,1.1,4.323125
553,1.11,4.32375
557,1.12,4.3225
561,1.13,4.3225
566,1.14,4.3225
570,1.15,4.3225
574,1.16,4.3225
578,1.17,4.3225
582,1.18,4.3225
586,1.19,4.3225
590,1.2,4.3225
594,1.21,4.321875
598,1.22,4.32125
603,1.23,4.32125
607,1.24,4.32125
611,1.25,4.32125
615,1.26,4.32125
619,1.27,4.32125
623,1.28,4.32125
627,1.29,4.32
631,1.3,4.32
635,1.31,4.32
639,1.32,4.32
644,1.33,4.32
648,1.34,4.32
652,1.35,4.32
656,1.36,4.32
660,1.37,4.32
664,1.38,4.32
668,1.39,4.319375
672,1.4,4.319375
676,1.41,4.31875
681,1.42,4.31875
685,1.43,4.31875
689,1.44,4.31875
693,1.45,4.31875
697,1.46,4.31875
701,1.47,4.31875
705,1.48,4.31875
709,1.49,4.31875
713,1.5,4.31875
718,1.51,4.318125
722,1.52,4.318125
726,1.53,4.3175
730,1.54,4.3175
734,1.55,4.3175
738,1.56,4.3175
742,1.57,4.3175
746,1.58,4.3175
750,1.59,4.3175
754,1.6,4.3175
758,1.61,4.3175
763,1.62,4.3175
767,1.63,4.316875
771,1.64,4.316875
775,1.65,4.31625
779,1.66,4.31625
783,1.67,4.31625
787,1.68,4.31625
791,1.69,4.31625
795,1.7,4.31625
799,1.71,4.31625
804,1.72,4.31625
808,1.73,4.315
812,1.74,4.315
816,1.75,4.315
820,1.76,4.315
824,1.77,4.315
828,1.78,4.315
832,1.79,4.315
836,1.8,4.315
840,1.81,4.315
844,1.82,4.315
849,1.83,4.315
853,1.84,4.315
857,1.85,4.314375
861,1.86,4.31375
865,1.87,4.31375
869,1.88,4.31375
873,1.89,4.31375
877,1.9,4.31375
881,1.91,4.31375
885,1.92,4.31375
890,1.93,4.31375
894,1.94,4.31375
898,1.95,4.31375
902,1.96,4.31375
906,1.97,4.313124999999999
910,1.98,4.3125
914,1.99,4.3125
918,2.0,4.3125
922,2.01,4.3125
927,2.02,4.3125
931,2.03,4.3125
935,2.04,4.3125
939,2.05,4.3125
943,2.06,4.311875000000001
947,2.07,4.311875000000001
951,2.08,4.31125
955,2.09,4.31125
959,2.1,4.31125
964,2.11,4.31125
968,2.12,4.31125
972,2.13,4.31125
976,2.14,4.31125
980,2.15,4.31125
984,2.16,4.31125
988,2.17,4.31125
992,2.18,4.31125
996,2.19,4.310625
1001,2.2,4.31
1005,2.21,4.31
1009,2.22,4.31
1013,2.23,4.31
1017,2.24,4.31
1021,2.25,4.31
1025,2.26,4.31
1029,2.27,4.31
1033,2.28,4.31
1038,2.29,4.31
1042,2.3,4.31
1046,2.31,4.31
1050,2.32,4.309374999999999
1054,2.33,4.30875
1058,2.34,4.30875
1062,2.35,4.30875
1067,2.36,4.30875
1071,2.37,4.30875
1075,2.38,4.30875
1079,2.39,4.30875
1083,2.4,4.30875
1087,2.41,4.30875
1091,2.42,4.30875
1095,2.43,4.30875
1099,2.44,4.30875
1104,2.45,4.308125
1108,2.46,4.3075
1112,2.47,4.3075
1116,2.48,4.3075
1120,2.49,4.3075
1124,2.5,4.3075
1128,2.51,4.3075
1132,2.52,4.3075
1137,2.53,4.3075
1141,2.54,4.3075
1145,2.55,4.306875
1149,2.56,4.30625
1153,2.57,4.30625
1157,2.58,4.30625
1161,2.59,4.3075
1165,2.6,4.30625
1170,2.61,4.30625
1174,2.62,4.30625
1178,2.63,4.30625
1182,2.64,4.30625
1186,2.65,4.30625
1190,2.66,4.30625
1194,2.67,4.30625
1198,2.68,4.30625
1202,2.69,4.30625
1206,2.7,4.30625
1210,2.71,4.30625
1215,2.72,4.305625
1219,2.73,4.30625
1223,2.74,4.305
1227,2.75,4.305
1231,2.76,4.305
1235,2.77,4.305
1239,2.78,4.305
1243,2.79,4.305
1248,2.8,4.305
1252,2.81,4.305
1256,2.82,4.305
1260,2.83,4.304375
1264,2.84,4.304375
1268,2.85,4.304375
1272,2.86,4.304375
1276,2.87,4.30375
1281,2.88,4.30375
1285,2.89,4.30375
1289,2.9,4.30375
1293,2.91,4.30375
1297,2.92,4.30375
1301,2.93,4.30375
1305,2.94,4.30375
1310,2.95,4.30375
1314,2.96,4.3025
1318,2.97,4.3025
1322,2.98,4.3025
1326,2.99,4.3025
1330,3.0,4.3025
1334,3.01,4.3025
1338,3.02,4.3025
1343,3.03,4.3025
1347,3.04,4.3025
1351,3.05,4.3025
1355,3.06,4.3025
1359,3.07,4.3025
1363,3.08,4.3025
1367,3.09,4.3025
1371,3.1,4.3025
1376,3.11,4.3025
1380,3.12,4.3025
1384,3.13,4.3025
1388,3.14,4.30125
1392,3.15,4.30125
1396,3.16,4.30125
1400,3.17,4.30125
1404,3.18,4.30125
1408,3.19,4.30125
1413,3.2,4.30125
1417,3.21,4.30125
1421,3.22,4.30125
1425,3.23,4.30125
1429,3.24,4.30125
1433,3.25,4.30125
1437,3.26,4.300625
1441,3.27,4.30125
1445,3.28,4.300625
1450,3.29,4.3
1454,3.3,4.3
1458,3.31,4.3
1462,3.32,4.3
1466,3.33,4.3
1470,3.34,4.3
1474,3.35,4.3
1478,3.36,4.3
1483,3.37,4.3
1487,3.38,4.2993749999999995
1491,3.39,4.29875
1495,3.4,4.29875
1499,3.41,4.29875
1503,3.42,4.29875
1507,3.43,4.29875
1511,3.44,4.29875
1516,3.45,4.29875
1520,3.46,4.29875
1524,3.47,4.29875
1528,3.48,4.29875
1532,3.49,4.29875
1536,3.5,4.29875
1540,3.51,4.29875
1544,3.52,4.298125000000001
1548,3.53,4.298125000000001
1552,3.54,4.2975
1557,3.55,4.2975
1561,3.56,4.2975
1565,3.57,4.2975
1569,3.58,4.2975
1573,3.59,4.2975
1577,3.6,4.2975
1581,3.61,4.2975
1585,3.62,4.2975
1590,3.63,4.2975
1594,3.64,4.2975
1598,3.65,4.2975
1602,3.66,4.296875
1606,3.67,4.29625
1610,3.68,4.296875
1614,3.69,4.29625
1618,3.7,4.29625
1622,3.71,4.29625
1627,3.72,4.29625
1631,3.73,4.29625
1635,3.74,4.29625
1639,3.75,4.29625
1643,3.76,4.29625
1647,3.77,4.29625
1651,3.78,4.29625
1655,3.79,4.295624999999999
1660,3.8,4.29625
1664,3.81,4.295
1668,3.82,4.295
1672,3.83,4.295
1676,3.84,4.295
1680,3.85,4.295
1684,3.86,4.295
1688,3.87,4.295
1693,3.88,4.295
1697,3.89,4.2943750000000005
1701,3.9,4.29375
1705,3.91,4.29375
1709,3.92,4.29375
1713,3.93,4.29375
1717,3.94,4.29375
1721,3.95,4.29375
1726,3.96,4.29375
1730,3.97,4.29375
1734,3.98,4.29375
1738,3.99,4.29375
1742,4.0,4.29375
1746,4.01,4.2925
1750,4.02,4.293125
1755,4.03,4.2925
1759,4.04,4.2925
1763,4.05,4.2925
1767,4.06,4.2925
1771,4.07,4.2925
1775,4.08,4.2925
1779,4.09,4.2925
1783,4.1,4.2925
1788,4.11,4.2925
1792,4.12,4.2925
1796,4.13,4.2925
1800,4.14,4.2925
1804,4.15,4.291875
1808,4.16,4.29125
1812,4.17,4.2925
1816,4.18,4.2925
1821,4.19,4.291875
1825,4.2,4.29125
1829,4.21,4.29125
1833,4.22,4.29125
1837,4.23,4.29125
1841,4.24,4.29125
1845,4.25,4.29125
1849,4.26,4.29125
1854,4.27,4.290625
1858,4.28,4.29
1862,4.29,4.29
1866,4.3,4.29
1870,4.31,4.29
1874,4.32,4.29
1878,4.33,4.29
1883,4.34,4.29
1887,4.35,4.29
1891,4.36,4.29
1895,4.37,4.29
1899,4.38,4.29
1903,4.39,4.29
1907,4.4,4.29
1912,4.41,4.28875
1916,4.42,4.289375
1920,4.43,4.28875
1924,4.44,4.28875
1928,4.45,4.28875
1932,4.46,4.28875
1936,4.47,4.28875
1941,4.48,4.28875
1945,4.49,4.28875
1949,4.5,4.28875
1953,4.51,4.28875
1957,4.52,4.28875
1961,4.53,4.288125
1965,4.54,4.288125
1970,4.55,4.2875
1974,4.56,4.2875
1978,4.57,4.2875
1982,4.58,4.2875
1986,4.59,4.2875
1990,4.6,4.2875
1994,4.61,4.2875
1999,4.62,4.2875
2003,4.63,4.2875
2007,4.64,4.2875
2011,4.65,4.2875
2015,4.66,4.2875
2019,4.67,4.2875
2023,4.68,4.2875
2027,4.69,4.2875
2032,4.7,4.28625
2036,4.71,4.28625
2040,4.72,4.28625
2044,4.73,4.28625
2048,4.74,4.28625
2052,4.75,4.28625
2056,4.76,4.28625
2061,4.77,4.28625
2065,4.78,4.28625
2069,4.79,4.28625
2073,4.8,4.285625
2077,4.81,4.285
2081,4.82,4.285
2085,4.83,4.285
2090,4.84,4.285
2094,4.85,4.285
2098,4.86,4.285
2102,4.87,4.285
2106,4.88,4.285
2110,4.89,4.285
2114,4.9,4.285
2119,4.91,4.285
2123,4.92,4.285
2127,4.93,4.285
2131,4.94,4.284375000000001
2135,4.95,4.28375
2139,4.96,4.28375
2143,4.97,4.28375
2148,4.98,4.28375
2152,4.99,4.28375
2156,5.0,4.28375
2160,5.01,4.28375
2164,5.02,4.28375
2168,5.03,4.28375
2172,5.04,4.28375
2177,5.05,4.28375
2181,5.06,4.28375
2185,5.07,4.28375
2189,5.08,4.28375
2193,5.09,4.283125
2197,5.1,4.28375
2201,5.11,4.283125
2205,5.12,4.283125
2210,5.13,4.2825
2214,5.14,4.2825
2218,5.15,4.2825
2222,5.16,4.2825
2226,5.17,4.2825
2230,5.18,4.2825
2234,5.19,4.2825
2239,5.2,4.281874999999999
2243,5.21,4.2825
2247,5.22,4.28125
2251,5.23,4.28125
2255,5.24,4.281874999999999
2259,5.25,4.28125
2263,5.26,4.28125
2267,5.27,4.28125
2272,5.28,4.28125
2276,5.29,4.28125
2280,5.3,4.28125
2284,5.31,4.28125
2288,5.32,4.28125
2292,5.33,4.28125
2297,5.34,4.280625000000001
2301,5.35,4.28
2305,5.36,4.28
2309,5.37,4.28
2313,5.38,4.28
2317,5.39,4.28
2321,5.4,4.28
2326,5.41,4.28
2330,5.42,4.28
2334,5.43,4.28
2338,5.44,4.28
2342,5.45,4.28
2346,5.46,4.28
2350,5.47,4.28
2354,5.48,4.28
2359,5.49,4.28
2363,5.5,4.279375
2367,5.51,4.279375
2371,5.52,4.27875
2375,5.53,4.27875
2379,5.54,4.27875
2383,5.55,4.27875
2387,5.56,4.27875
2392,5.57,4.27875
2396,5.58,4.27875
2400,5.59,4.27875
2404,5.6,4.27875
2408,5.61,4.27875
2412,5.62,4.278124999999999
2416,5.63,4.278124999999999
2421,5.64,4.2775
2425,5.65,4.2775
2429,5.66,4.2775
2433,5.67,4.2775
2437,5.68,4.2775
2441,5.69,4.2775
2446,5.7,4.2775
2450,5.71,4.2775
2454,5.72,4.2775
2458,5.73,4.2775
2462,5.74,4.2775
2466,5.75,4.2775
2470,5.76,4.276875
2474,5.77,4.276875
2479,5.78,4.27625
2483,5.79,4.27625
2487,5.8,4.27625
2491,5.81,4.27625
2495,5.82,4.27625
2499,5.83,4.27625
2503,5.84,4.27625
2507,5.85,4.27625
2512,5.86,4.27625
2516,5.87,4.27625
2520,5.88,4.27625
2524,5.89,4.27625
2528,5.9,4.275625
2532,5.91,4.275
2536,5.92,4.275
2541,5.93,4.275
2545,5.94,4.275
2549,5.95,4.275
2553,5.96,4.275
2557,5.97,4.275
2561,5.98,4.275
2565,5.99,4.275
2569,6.0,4.275
2574,6.01,4.275
2578,6.02,4.274375
2582,6.03,4.274375
2586,6.04,4.27375
2590,6.05,4.27375
2594,6.06,4.27375
2598,6.07,4.27375
2603,6.08,4.27375
2607,6.09,4.27375
2611,6.1,4.27375
2615,6.11,4.27375
2619,6.12,4.27375
2623,6.13,4.27375
2627,6.14,4.27375
2631,6.15,4.273125
2636,6.16,4.2725
2640,6.17,4.2725
2644,6.18,4.2725
2648,6.19,4.2725
2652,6.2,4.2725
2656,6.21,4.2725
2660,6.22,4.2725
2664,6.23,4.2725
2669,6.24,4.2725
2673,6.25,4.2725
2677,6.26,4.271875
2681,6.27,4.2725
2685,6.28,4.271875
2689,6.29,4.271875
2693,6.3,4.27125
2698,6.31,4.27125
2702,6.32,4.27125
2706,6.33,4.27125
2710,6.34,4.27125
2714,6.35,4.27125
2718,6.36,4.27125
2722,6.37,4.27125
2727,6.38,4.27125
2731,6.39,4.27125
2735,6.4,4.270625
2739,6.41,4.270625
2743,6.42,4.27
2747,6.43,4.27
2751,6.44,4.27
2755,6.45,4.27
2760,6.46,4.27
2764,6.47,4.27
2768,6.48,4.27
2772,6.49,4.27
2776,6.5,4.27
2780,6.51,4.27
2784,6.52,4.27
2788,6.53,4.27
2793,6.54,4.27
2797,6.55,4.27
2801,6.56,4.269375
2805,6.57,4.26875
2809,6.58,4.26875
2813,6.59,4.26875
2817,6.6,4.26875
2822,6.61,4.26875
2826,6.62,4.26875
2830,6.63,4.26875
2834,6.64,4.26875
2838,6.65,4.2681249999999995
2842,6.66,4.26875
2846,6.67,4.2675
2850,6.68,4.2675
2855,6.69,4.2675
2859,6.7,4.2675
2863,6.71,4.2675
2867,6.72,4.2675
2871,6.73,4.2675
2875,6.74,4.2675
2879,6.75,4.2675
2884,6.76,4.2675
2888,6.77,4.2675
2892,6.78,4.2675
2896,6.79,4.26625
2900,6.8,4.26625
2904,6.81,4.26625
2908,6.82,4.26625
2913,6.83,4.26625
2917,6.84,4.26625
2921,6.85,4.26625
2925,6.86,4.26625
2929,6.87,4.26625
2933,6.88,4.26625
2937,6.89,4.26625
2942,6.9,4.265625
2946,6.91,4.265625
2950,6.92,4.265
2954,6.93,4.265
2958,6.94,4.265
2962,6.95,4.265
2967,6.96,4.265
2971,6.97,4.265
2975,6.98,4.265
2979,6.99,4.265
2983,7.0,4.265
2987,7.01,4.265
2991,7.02,4.265
2996,7.03,4.265
3000,7.04,4.265
3004,7.05,4.26375
3008,7.06,4.26375
3012,7.07,4.26375
3016,7.08,4.26375
3020,7.09,4.26375
3025,7.1,4.26375
3029,7.11,4.26375
3033,7.12,4.26375
3037,7.13,4.26375
3041,7.14,4.26375
3045,7.15,4.26375
3049,7.16,4.26375
3054,7.17,4.2631250000000005
3058,7.18,4.2625
3062,7.19,4.2625
3066,7.2,4.2625
3070,7.21,4.2625
3074,7.22,4.2625
3078,7.23,4.2625
3083,7.24,4.2625
3087,7.25,4.2625
3091,7.26,4.2625
3095,7.27,4.2625
3099,7.28,4.2625
3103,7.29,4.2625
3108,7.3,4.261875
3112,7.31,4.261875
3116,7.32,4.26125
3120,7.33,4.26125
3124,7.34,4.26125
3128,7.35,4.26125
3133,7.36,4.26125
3137,7.37,4.26125
3141,7.38,4.26125
3145,7.39,4.26125
3149,7.4,4.26125
3153,7.41,4.26125
3158,7.42,4.26125
3162,7.43,4.26
3166,7.44,4.26
3170,7.45,4.26
3174,7.46,4.26
3178,7.47,4.26
3182,7.48,4.26
3187,7.49,4.26
3191,7.5,4.26
3195,7.51,4.259375
3199,7.52,4.26
3203,7.53,4.26
3207,7.54,4.25875
3212,7.55,4.25875
3216,7.56,4.25875
3220,7.57,4.25875
3224,7.58,4.25875
3228,7.59,4.25875
3232,7.6,4.25875
3236,7.61,4.25875
3241,7.62,4.25875
3245,7.63,4.25875
3249,7.64,4.25875
3253,7.65,4.25875
3257,7.66,4.258125
3261,7.67,4.258125
3265,7.68,4.2575
3270,7.69,4.2575
3274,7.7,4.2575
3278,7.71,4.2575
3282,7.72,4.2575
3286,7.73,4.2575
3290,7.74,4.2575
3295,7.75,4.2575
3299,7.76,4.2575
3303,7.77,4.2575
3307,7.78,4.25625
3311,7.79,4.25625
3315,7.8,4.25625
3320,7.81,4.25625
3324,7.82,4.25625
3328,7.83,4.25625
3332,7.84,4.25625
3336,7.85,4.25625
3340,7.86,4.25625
3345,7.87,4.25625
3349,7.88,4.25625
3353,7.89,4.25625
3357,7.9,4.255625
3361,7.91,4.255
3365,7.92,4.255
3369,7.93,4.255
3374,7.94,4.255
3378,7.95,4.255
3382,7.96,4.255
3386,7.97,4.255
3390,7.98,4.255
3394,7.99,4.255
3398,8.0,4.255
3403,8.01,4.255
3407,8.02,4.255
3411,8.03,4.254375
3415,8.04,4.25375
3419,8.05,4.25375
3423,8.06,4.25375
3427,8.07,4.25375
3432,8.08,4.25375
3436,8.09,4.25375
3440,8.1,4.25375
3444,8.11,4.253125000000001
3448,8.12,4.253125000000001
3452,8.13,4.253125000000001
3457,8.14,4.2525
3461,8.15,4.2525
3465,8.16,4.2525
3469,8.17,4.2525
3473,8.18,4.2525
3477,8.19,4.2525
3482,8.2,4.2525
3486,8.21,4.2525
3490,8.22,4.2525
3494,8.23,4.2525
3498,8.24,4.25125
3502,8.25,4.25125
3507,8.26,4.25125
3511,8.27,4.25125
3515,8.28,4.25125
3519,8.29,4.25125
3523,8.3,4.25125
3528,8.31,4.25125
3532,8.32,4.25125
3536,8.33,4.25125
3540,8.34,4.25125
3544,8.35,4.250624999999999
3548,8.36,4.250624999999999
3553,8.37,4.250624999999999
3557,8.38,4.25
3561,8.39,4.25
3565,8.4,4.25
3569,8.41,4.25
3573,8.42,4.25
3578,8.43,4.25
3582,8.44,4.25
3586,8.45,4.25
3590,8.46,4.25
3594,8.47,4.25
3598,8.48,4.249375000000001
3603,8.49,4.249375000000001
3607,8.5,4.24875
3611,8.51,4.24875
3615,8.52,4.24875
3619,8.53,4.24875
3623,8.54,4.24875
3628,8.55,4.24875
3632,8.56,4.24875
3636,8.57,4.24875
3640,8.58,4.24875
3644,8.59,4.24875
3648,8.6,4.24875
3652,8.61,4.24875
3657,8.62,4.24875
3661,8.63,4.248125
3665,8.64,4.24875
3669,8.65,4.2475
3673,8.66,4.2475
3677,8.67,4.2475
3681,8.68,4.2475
3686,8.69,4.2475
3690,8.7,4.2475
3694,8.71,4.2475
3698,8.72,4.2475
3702,8.73,4.2475
3706,8.74,4.246874999999999
3710,8.75,4.24625
3715,8.76,4.24625
3719,8.77,4.24625
3723,8.78,4.24625
3727,8.79,4.24625
3731,8.8,4.24625
3735,8.81,4.24625
3740,8.82,4.24625
3744,8.83,4.24625
3748,8.84,4.24625
3752,8.85,4.245
3756,8.86,4.245
3761,8.87,4.245
3765,8.88,4.245
3769,8.89,4.245
3773,8.9,4.245625
3777,8.91,4.245
3781,8.92,4.245
3786,8.93,4.245
3790,8.94,4.245
3794,8.95,4.245
3798,8.96,4.245
3802,8.97,4.245
3806,8.98,4.245
3811,8.99,4.245
3815,9.0,4.244375
3819,9.01,4.244375
3823,9.02,4.24375
3827,9.03,4.24375
3831,9.04,4.24375
3836,9.05,4.24375
3840,9.06,4.24375
3844,9.07,4.24375
3848,9.08,4.24375
3852,9.09,4.243125
3857,9.1,4.24375
3861,9.11,4.24375
3865,9.12,4.243125
3869,9.13,4.2425
3873,9.14,4.2425
3877,9.15,4.2425
3882,9.16,4.2425
3886,9.17,4.2425
3890,9.18,4.2425
3894,9.19,4.2425
3898,9.2,4.2425
3902,9.21,4.2425
3907,9.22,4.2425
3911,9.23,4.2425
3915,9.24,4.241875
3919,9.25,4.24125
3923,9.26,4.24125
3927,9.27,4.24125
3932,9.28,4.24125
3936,9.29,4.24125
3940,9.3,4.24125
3944,9.31,4.24125
3948,9.32,4.24125
3953,9.33,4.24125
3957,9.34,4.24125
3961,9.35,4.24125
3965,9.36,4.240625
3969,9.37,4.24
3973,9.38,4.24
3978,9.39,4.24
3982,9.4,4.24
3986,9.41,4.24
3990,9.42,4.24
3994,9.43,4.24
3999,9.44,4.24
4003,9.45,4.24
4007,9.46,4.24
4011,9.47,4.24
4015,9.48,4.24
4019,9.49,4.239375
4024,9.5,4.23875
4028,9.51,4.23875
4032,9.52,4.23875
4036,9.53,4.23875
4040,9.54,4.23875
4044,9.55,4.23875
4049,9.56,4.23875
4053,9.57,4.23875
4057,9.58,4.23875
4061,9.59,4.238125
4065,9.6,4.2375
4070,9.61,4.2375
4074,9.62,4.2375
4078,9.63,4.2375
4082,9.64,4.2375
4086,9.65,4.2375
4090,9.66,4.2375
4095,9.67,4.2375
4099,9.68,4.2375
4103,9.69,4.2375
4107,9.7,4.2375
4111,9.71,4.2375
4116,9.72,4.2368749999999995
4120,9.73,4.2368749999999995
4124,9.74,4.23625
4128,9.75,4.23625
4132,9.76,4.23625
4136,9.77,4.23625
4141,9.78,4.23625
4145,9.79,4.23625
4149,9.8,4.23625
4153,9.81,4.23625
4157,9.82,4.23625
4161,9.83,4.235625000000001
4166,9.84,4.23625
4170,9.85,4.235625000000001
4174,9.86,4.235
4178,9.87,4.235
4182,9.88,4.235
4186,9.89,4.235
4191,9.9,4.235
4195,9.91,4.235
4199,9.92,4.235
4203,9.93,4.235
4207,9.94,4.235
4211,9.95,4.23375
4216,9.96,4.23375
4220,9.97,4.23375
4224,9.98,4.23375
4228,9.99,4.23375
4232,10.0,4.23375
4236,10.01,4.23375
4241,10.02,4.23375
4245,10.03,4.23375
4249,10.04,4.23375
4253,10.05,4.23375
4257,10.06,4.23375
4261,10.07,4.23375
4266,10.08,4.233124999999999
4270,10.09,4.2325
4274,10.1,4.2325
4278,10.11,4.2325
4282,10.12,4.2325
4286,10.13,4.2325
4291,10.14,4.2325
4295,10.15,4.2325
4299,10.16,4.2325
4303,10.17,4.2325
4307,10.18,4.2325
4311,10.19,4.2325
4315,10.2,4.2318750000000005
4320,10.21,4.2318750000000005
4324,10.22,4.2318750000000005
4328,10.23,4.23125
4332,10.24,4.23125
4336,10.25,4.23125
4340,10.26,4.23125
4345,10.27,4.23125
4349,10.28,4.23125
4353,10.29,4.23125
4357,10.3,4.23125
4361,10.31,4.23125
4365,10.32,4.23125
4370,10.33,4.23
4374,10.34,4.23
4378,10.35,4.23
4382,10.36,4.23
4386,10.37,4.23
4390,10.38,4.23
4395,10.39,4.23
4399,10.4,4.23
4403,10.41,4.23
4407,10.42,4.229375
4411,10.43,4.229375
4415,10.44,4.22875
4420,10.45,4.22875
4424,10.46,4.22875
4428,10.47,4.22875
4432,10.48,4.22875
4436,10.49,4.22875
4440,10.5,4.22875
4445,10.51,4.22875
4449,10.52,4.22875
4453,10.53,4.22875
4457,10.54,4.22875
4461,10.55,4.22875
4465,10.56,4.2275
4470,10.57,4.2275
4474,10.58,4.2275
4478,10.59,4.2275
4482,10.6,4.2275
4486,10.61,4.2275
4490,10.62,4.2275
4495,10.63,4.2275
4499,10.64,4.2275
4503,10.65,4.2275
4507,10.66,4.2275
4511,10.67,4.2275
4515,10.68,4.2275
4520,10.69,4.22625
4524,10.7,4.22625
4528,10.71,4.22625
4532,10.72,4.22625
4536,10.73,4.22625
4541,10.74,4.22625
4545,10.75,4.22625
4549,10.76,4.22625
4553,10.77,4.22625
4557,10.78,4.225625
4561,10.79,4.225
4566,10.8,4.225
4570,10.81,4.225
4574,10.82,4.225
4578,10.83,4.225
4582,10.84,4.225
4587,10.85,4.225
4591,10.86,4.225
4595,10.87,4.224375
4599,10.88,4.224375
4603,10.89,4.22375
4608,10.9,4.22375
4612,10.91,4.22375
4616,10.92,4.22375
4620,10.93,4.22375
4624,10.94,4.22375
4629,10.95,4.22375
4633,10.96,4.22375
4637,10.97,4.22375
4641,10.98,4.22375
4645,10.99,4.22375
4649,11.0,4.2225
4654,11.01,4.2225
4658,11.02,4.2225
4662,11.03,4.2225
4666,11.04,4.2225
4670,11.05,4.2225
4675,11.06,4.2225
4679,11.07,4.2225
4683,11.08,4.2225
4687,11.09,4.2225
4691,11.1,4.2225
4696,11.11,4.2225
4700,11.12,4.2225
4704,11.13,4.2225
4708,11.14,4.221875000000001
4712,11.15,4.22125
4717,11.16,4.22125
4721,11.17,4.22125
4725,11.18,4.22125
4729,11.19,4.22125
4733,11.2,4.22125
4738,11.21,4.22125
4742,11.22,4.22125
4746,11.23,4.22125
4750,11.24,4.22
4754,11.25,4.22
4758,11.26,4.220625
4763,11.27,4.22
4767,11.28,4.22
4771,11.29,4.22
4775,11.3,4.22
4779,11.31,4.22
4784,11.32,4.22
4788,11.33,4.22
4792,11.34,4.22
4796,11.35,4.22
4800,11.36,4.22
4805,11.37,4.22
4809,11.38,4.21875
4813,11.39,4.21875
4817,11.4,4.21875
4821,11.41,4.21875
4826,11.42,4.21875
4830,11.43,4.21875
4834,11.44,4.21875
4838,11.45,4.21875
4842,11.46,4.21875
4847,11.47,4.218125000000001
4851,11.48,4.21875
4855,11.49,4.21875
4859,11.5,4.2175
4863,11.51,4.218125000000001
4868,11.52,4.2175
4872,11.53,4.2175
4876,11.54,4.2175
4880,11.55,4.2175
4884,11.56,4.2175
4889,11.57,4.2175
4893,11.58,4.216875
4897,11.59,4.216875
4901,11.6,4.2175
4905,11.61,4.21625
4909,11.62,4.21625
4914,11.63,4.21625
4918,11.64,4.21625
4922,11.65,4.21625
4926,11.66,4.21625
4930,11.67,4.21625
4935,11.68,4.21625
4939,11.69,4.21625
4943,11.7,4.21625
4947,11.71,4.215624999999999
4951,11.72,4.215
4955,11.73,4.215624999999999
4959,11.74,4.215624999999999
4964,11.75,4.215
4968,11.76,4.215
4972,11.77,4.215
4976,11.78,4.215
4980,11.79,4.215
4985,11.8,4.215
4989,11.81,4.21375
4993,11.82,4.21375
4997,11.83,4.21375
5001,11.84,4.21375
5006,11.85,4.21375
5010,11.86,4.21375
5014,11.87,4.21375
5018,11.88,4.21375
5022,11.89,4.21375
5026,11.9,4.213125
5031,11.91,4.21375
5035,11.92,4.213125
5039,11.93,4.2125
5043,11.94,4.2125
5047,11.95,4.2125
5052,11.96,4.2125
5056,11.97,4.2125
5060,11.98,4.2125
5064,11.99,4.2125
5068,12.0,4.2125
5073,12.01,4.2125
5077,12.02,4.2125
5081,12.03,4.2125
5085,12.04,4.2125
5089,12.05,4.2125
5093,12.06,4.211875
5098,12.07,4.21125
5102,12.08,4.21125
5106,12.09,4.21125
5110,12.1,4.21125
5114,12.11,4.21125
5119,12.12,4.21125
5123,12.13,4.21125
5127,12.14,4.21125
5131,12.15,4.21125
5135,12.16,4.21125
5139,12.17,4.21125
5144,12.18,4.210625
5148,12.19,4.210625
5152,12.2,4.21
5156,12.21,4.21
5160,12.22,4.21
5165,12.23,4.21
5169,12.24,4.21
5173,12.25,4.21
5177,12.26,4.21
5181,12.27,4.21
5185,12.28,4.21
5190,12.29,4.21
5194,12.3,4.209375
5198,12.31,4.21
5202,12.32,4.209375
5206,12.33,4.20875
5211,12.34,4.209375
5215,12.35,4.20875
5219,12.36,4.20875
5223,12.37,4.20875
5227,12.38,4.20875
5231,12.39,4.20875
5236,12.4,4.20875
5240,12.41,4.20875
5244,12.42,4.20875
5248,12.43,4.20875
5252,12.44,4.2075
5256,12.45,4.2075
5261,12.46,4.2075
5265,12.47,4.2075
5269,12.48,4.2075
5273,12.49,4.2075
5277,12.5,4.2075
5282,12.51,4.2075
5286,12.52,4.2075
5290,12.53,4.2075
5294,12.54,4.20625
5298,12.55,4.206875
5303,12.56,4.20625
5307,12.57,4.20625
5311,12.58,4.20625
5315,12.59,4.20625
5319,12.6,4.20625
5324,12.61,4.20625
5328,12.62,4.20625
5332,12.63,4.20625
5336,12.64,4.2056249999999995
5340,12.65,4.205
5345,12.66,4.205
5349,12.67,4.205
5353,12.68,4.205
5357,12.69,4.205
5362,12.7,4.205
5366,12.71,4.205
5370,12.72,4.205
5374,12.73,4.204375000000001
5378,12.74,4.205
5383,12.75,4.204375000000001
5387,12.76,4.20375
5391,12.77,4.20375
5395,12.78,4.20375
5399,12.79,4.20375
5404,12.8,4.20375
5408,12.81,4.20375
5412,12.82,4.20375
5416,12.83,4.20375
5420,12.84,4.20375
5425,12.85,4.203125
5429,12.86,4.2025
5433,12.87,4.203125
5437,12.88,4.2025
5441,12.89,4.2025
5446,12.9,4.2025
5450,12.91,4.2025
5454,12.92,4.2025
5458,12.93,4.2025
5462,12.94,4.2025
5467,12.95,4.2025
5471,12.96,4.2025
5475,12.97,4.2025
5479,12.98,4.2025
5483,12.99,4.20125
5488,13.0,4.20125
5492,13.01,4.20125
5496,13.02,4.201874999999999
5500,13.03,4.20125
5504,13.04,4.20125
5509,13.05,4.20125
5513,13.06,4.20125
5517,13.07,4.20125
5521,13.08,4.20125
5525,13.09,4.20125
5529,13.1,4.20125
5534,13.11,4.20125
5538,13.12,4.20125
5542,13.13,4.2
5546,13.14,4.20125
5550,13.15,4.2
5555,13.16,4.2
5559,13.17,4.2
5563,13.18,4.2
5567,13.19,4.2
5571,13.2,4.2
5576,13.21,4.19875
5580,13.22,4.19875
5584,13.23,4.199375
5588,13.24,4.19875
5593,13.25,4.19875
5597,13.26,4.19875
5601,13.27,4.19875
5605,13.28,4.19875
5609,13.29,4.19875
5614,13.3,4.19875
5618,13.31,4.19875
5622,13.32,4.198125
5626,13.33,4.19875
5630,13.34,4.1975
5635,13.35,4.19875
5639,13.36,4.19875
5643,13.37,4.198125
5647,13.38,4.1975
5651,13.39,4.1975
5656,13.4,4.1975
5660,13.41,4.1975
5664,13.42,4.1975
5668,13.43,4.1975
5672,13.44,4.1975
5676,13.45,4.1975
5681,13.46,4.1975
5685,13.47,4.1975
5689,13.48,4.1975
5693,13.49,4.1975
5697,13.5,4.19625
5702,13.51,4.196875
5706,13.52,4.19625
5710,13.53,4.19625
5714,13.54,4.19625
5718,13.55,4.19625
5723,13.56,4.19625
5727,13.57,4.19625
5731,13.58,4.19625
5735,13.59,4.19625
5739,13.6,4.195
5744,13.61,4.195
5748,13.62,4.195
5752,13.63,4.195
5756,13.64,4.195
5760,13.65,4.195
5765,13.66,4.195
5769,13.67,4.195
5773,13.68,4.195
5777,13.69,4.195
5782,13.7,4.195
5786,13.71,4.194375
5790,13.72,4.19375
5794,13.73,4.19375
5798,13.74,4.19375
5803,13.75,4.19375
5807,13.76,4.19375
5811,13.77,4.19375
5815,13.78,4.19375
5819,13.79,4.193125
5824,13.8,4.193125
5828,13.81,4.1925
5832,13.82,4.1925
5836,13.83,4.1925
5841,13.84,4.1925
5845,13.85,4.1925
5849,13.86,4.1925
5853,13.87,4.1925
5857,13.88,4.1925
5862,13.89,4.1925
5866,13.9,4.1925
5870,13.91,4.1925
5874,13.92,4.1925
5878,13.93,4.191875
5883,13.94,4.19125
5887,13.95,4.19125
5891,13.96,4.19125
5895,13.97,4.19125
5900,13.98,4.19125
5904,13.99,4.19125
5908,14.0,4.19125
5912,14.01,4.19125
5916,14.02,4.19125
5920,14.03,4.19125
5925,14.04,4.190625000000001
5929,14.05,4.190625000000001
5933,14.06,4.190625000000001
5937,14.07,4.19
5941,14.08,4.19
5945,14.09,4.19
5950,14.1,4.19
5954,14.11,4.19
5958,14.12,4.19
5962,14.13,4.19
5966,14.14,4.19
5971,14.15,4.19
5975,14.16,4.189375
5979,14.17,4.18875
5983,14.18,4.18875
5987,14.19,4.18875
5992,14.2,4.18875
5996,14.21,4.18875
6000,14.22,4.18875
6004,14.23,4.18875
6009,14.24,4.18875
6013,14.25,4.18875
6017,14.26,4.18875
6021,14.27,4.18875
6025,14.28,4.188124999999999
6030,14.29,4.1875
6034,14.3,4.1875
6038,14.31,4.1875
6042,14.32,4.1875
6046,14.33,4.1875
6051,14.34,4.1875
6055,14.35,4.1875
6059,14.36,4.1875
6063,14.37,4.1875
6068,14.38,4.186875000000001
6072,14.39,4.186875000000001
6076,14.4,4.186875000000001
6080,14.41,4.18625
6084,14.42,4.18625
6089,14.43,4.18625
6093,14.44,4.18625
6097,14.45,4.18625
6101,14.46,4.18625
6105,14.47,4.18625
6110,14.48,4.18625
6114,14.49,4.18625
6118,14.5,4.18625
6122,14.51,4.18625
6126,14.52,4.185625
6131,14.53,4.185625
6135,14.54,4.185625
6139,14.55,4.185
6143,14.56,4.185
6147,14.57,4.185
6152,14.58,4.185
6156,14.59,4.185
6160,14.6,4.185
6164,14.61,4.185
6168,14.62,4.185
6173,14.63,4.185
6177,14.64,4.184374999999999
6181,14.65,4.18375
6185,14.66,4.184374999999999
6190,14.67,4.18375
6194,14.68,4.18375
6198,14.69,4.18375
6202,14.7,4.18375
6206,14.71,4.18375
6211,14.72,4.18375
6215,14.73,4.18375
6219,14.74,4.18375
6223,14.75,4.1825
6228,14.76,4.1825
6232,14.77,4.1825
6236,14.78,4.1825
6240,14.79,4.1825
6244,14.8,4.1825
6249,14.81,4.1825
6253,14.82,4.181875
6257,14.83,4.181875
6261,14.84,4.181875
6266,14.85,4.18125
6270,14.86,4.18125
6274,14.87,4.18125
6278,14.88,4.18125
6282,14.89,4.18125
6287,14.9,4.18125
6291,14.91,4.18125
6295,14.92,4.18125
6299,14.93,4.18125
6304,14.94,4.18125
6308,14.95,4.18125
6312,14.96,4.180625
6316,14.97,4.180625
6320,14.98,4.18
6325,14.99,4.18
6329,15.0,4.180625
6333,15.01,4.18
6337,15.02,4.18
6341,15.03,4.18
6346,15.04,4.18
6350,15.05,4.18
6354,15.06,4.18
6358,15.07,4.18
6362,15.08,4.18
6366,15.09,4.18
6371,15.1,4.179375
6375,15.11,4.179375
6379,15.12,4.179375
6383,15.13,4.17875
6387,15.14,4.17875
6391,15.15,4.17875
6396,15.16,4.17875
6400,15.17,4.17875
6404,15.18,4.17875
6408,15.19,4.17875
6412,15.2,4.17875
6417,15.21,4.17875
6421,15.22,4.1775
6425,15.23,4.1775
6429,15.24,4.1775
6433,15.25,4.1775
6438,15.26,4.1775
6442,15.27,4.1775
6446,15.28,4.1775
6450,15.29,4.1775
6455,15.3,4.1775
6459,15.31,4.176875
6463,15.32,4.1775
6467,15.33,4.176875
6471,15.34,4.17625
6476,15.35,4.17625
6480,15.36,4.17625
6484,15.37,4.17625
6488,15.38,4.17625
6492,15.39,4.17625
6497,15.4,4.17625
6501,15.41,4.175625
6505,15.42,4.175625
6509,15.43,4.175625
6514,15.44,4.175625
6518,15.45,4.175
6522,15.46,4.175
6526,15.47,4.175
6530,15.48,4.175
6535,15.49,4.175
6539,15.5,4.175
6543,15.51,4.175
6547,15.52,4.175
6552,15.53,4.175
6556,15.54,4.175
6560,15.55,4.175
6564,15.56,4.175
6568,15.57,4.175
6573,15.58,4.1743749999999995
6577,15.59,4.17375
6581,15.6,4.17375
6585,15.61,4.17375
6589,15.62,4.17375
6594,15.63,4.17375
6598,15.64,4.17375
6602,15.65,4.17375
6606,15.66,4.17375
6611,15.67,4.17375
6615,15.68,4.173125000000001
6619,15.69,4.1725
6623,15.7,4.17375
6627,15.71,4.1725
6632,15.72,4.1725
6636,15.73,4.1725
6640,15.74,4.1725
6644,15.75,4.1725
6649,15.76,4.1725
6653,15.77,4.1725
6657,15.78,4.1725
6661,15.79,4.171875
6665,15.8,4.171875
6670,15.81,4.17125
6674,15.82,4.17125
6678,15.83,4.17125
6682,15.84,4.17125
6687,15.85,4.17125
6691,15.86,4.17125
6695,15.87,4.17125
6699,15.88,4.17125
6703,15.89,4.17125
6708,15.9,4.17125
6712,15.91,4.17125
6716,15.92,4.170624999999999
6720,15.93,4.17
6725,15.94,4.17
6729,15.95,4.17
6733,15.96,4.17
6737,15.97,4.17
6741,15.98,4.17
6746,15.99,4.17
6750,16.0,4.1693750000000005
6754,16.01,4.1693750000000005
6758,16.02,4.16875
6762,16.03,4.1693750000000005
6767,16.04,4.16875
6771,16.05,4.16875
6775,16.06,4.16875
6779,16.07,4.16875
6783,16.08,4.16875
6788,16.09,4.16875
6792,16.1,4.16875
6796,16.11,4.16875
6800,16.12,4.168125
6805,16.13,4.1675
6809,16.14,4.1675
6813,16.15,4.1675
6817,16.16,4.1675
6821,16.17,4.1675
6826,16.18,4.1675
6830,16.19,4.1675
6834,16.2,4.1675
6838,16.21,4.1675
6843,16.22,4.1675
6847,16.23,4.1675
6851,16.24,4.166875
6855,16.25,4.16625
6860,16.26,4.16625
6864,16.27,4.166875
6868,16.28,4.16625
6872,16.29,4.16625
6876,16.3,4.16625
6881,16.31,4.16625
6885,16.32,4.16625
6889,16.33,4.16625
6893,16.34,4.16625
6897,16.35,4.16625
6902,16.36,4.165625
6906,16.37,4.165
6910,16.38,4.165
6914,16.39,4.165
6918,16.4,4.165
6923,16.41,4.165
6927,16.42,4.165
6931,16.43,4.165
6935,16.44,4.165
6940,16.45,4.165
6944,16.46,4.165
6948,16.47,4.165
6952,16.48,4.165
6956,16.49,4.165
6961,16.5,4.16375
6965,16.51,4.164375
6969,16.52,4.16375
6973,16.53,4.16375
6977,16.54,4.16375
6982,16.55,4.16375
6986,16.56,4.16375
6990,16.57,4.16375
6994,16.58,4.16375
6998,16.59,4.16375
7003,16.6,4.16375
7007,16.61,4.16375
7011,16.62,4.163125
7015,16.63,4.163125
7020,16.64,4.1625
7024,16.65,4.1625
7028,16.66,4.1625
7032,16.67,4.1625
7037,16.68,4.1625
7041,16.69,4.1625
7045,16.7,4.1625
7049,16.71,4.1625
7054,16.72,4.161875
7058,16.73,4.161875
7062,16.74,4.16125
7066,16.75,4.16125
7070,16.76,4.16125
7075,16.77,4.16125
7079,16.78,4.16125
7083,16.79,4.16125
7087,16.8,4.16125
7092,16.81,4.16125
7096,16.82,4.160625
7100,16.83,4.16125
7104,16.84,4.16
7108,16.85,4.160625
7113,16.86,4.16
7117,16.87,4.16
7121,16.88,4.16
7125,16.89,4.16
7129,16.9,4.16
7134,16.91,4.16
7138,16.92,4.159375000000001
7142,16.93,4.159375000000001
7146,16.94,4.15875
7151,16.95,4.15875
7155,16.96,4.15875
7159,16.97,4.15875
7163,16.98,4.15875
7168,16.99,4.15875
7172,17.0,4.15875
7176,17.01,4.15875
7180,17.02,4.15875
7185,17.03,4.15875
7189,17.04,4.15875
7193,17.05,4.1575
7197,17.06,4.1575
7202,17.07,4.1575
7206,17.08,4.15875
7210,17.09,4.15875
7214,17.1,4.1575
7218,17.11,4.1575
7223,17.12,4.1575
7227,17.13,4.1575
7231,17.14,4.15625
7235,17.15,4.15625
7240,17.16,4.1575
7244,17.17,4.156874999999999
7248,17.18,4.15625
7252,17.19,4.15625
7256,17.2,4.15625
7261,17.21,4.15625
7265,17.22,4.15625
7269,17.23,4.15625
7273,17.24,4.15625
7278,17.25,4.15625
7282,17.26,4.15625
7286,17.27,4.15625
7290,17.28,4.15625
7294,17.29,4.15625
7299,17.3,4.155
7303,17.31,4.155
7307,17.32,4.155
7311,17.33,4.155
7316,17.34,4.155
7320,17.35,4.155
7324,17.36,4.155
7328,17.37,4.155
7332,17.38,4.155
7337,17.39,4.155
7341,17.4,4.155
7345,17.41,4.155
7349,17.42,4.155
7353,17.43,4.15375
7358,17.44,4.15375
7362,17.45,4.15375
7366,17.46,4.15375
7370,17.47,4.15375
7375,17.48,4.15375
7379,17.49,4.15375
7383,17.5,4.15375
7387,17.51,4.15375
7392,17.52,4.15375
7396,17.53,4.15375
7400,17.54,4.153124999999999
7404,17.55,4.15375
7409,17.56,4.1525
7413,17.57,4.1525
7417,17.58,4.1525
7421,17.59,4.1525
7426,17.6,4.1525
7430,17.61,4.1525
7434,17.62,4.1525
7438,17.63,4.1525
7442,17.64,4.151875
7447,17.65,4.151875
7451,17.66,4.15125
7455,17.67,4.15125
7459,17.68,4.15125
7464,17.69,4.15125
7468,17.7,4.15125
7472,17.71,4.15125
7476,17.72,4.150625
7481,17.73,4.150625
7485,17.74,4.150625
7489,17.75,4.150625
7493,17.76,4.150625
7497,17.77,4.150625
7502,17.78,4.15
7506,17.79,4.15
7510,17.8,4.15
7514,17.81,4.15
7518,17.82,4.15
7523,17.83,4.15
7527,17.84,4.15
7531,17.85,4.15
7535,17.86,4.15
7539,17.87,4.15
7544,17.88,4.15
7548,17.89,4.149375
7552,17.9,4.149375
7556,17.91,4.14875
7560,17.92,4.14875
7565,17.93,4.14875
7569,17.94,4.14875
7573,17.95,4.14875
7577,17.96,4.14875
7581,17.97,4.14875
7586,17.98,4.1475
7590,17.99,4.1475
7594,18.0,4.1475
7598,18.01,4.1475
7603,18.02,4.1475
7607,18.03,4.1475
7611,18.04,4.1475
7615,18.05,4.1475
7620,18.06,4.1475
7624,18.07,4.1475
7628,18.08,4.1475
7632,18.09,4.146875
7636,18.1,4.146875
7641,18.11,4.14625
7645,18.12,4.14625
7649,18.13,4.14625
7653,18.14,4.14625
7658,18.15,4.14625
7662,18.16,4.14625
7666,18.17,4.14625
7670,18.18,4.14625
7675,18.19,4.14625
7679,18.2,4.14625
7683,18.21,4.14625
7687,18.22,4.14625
7692,18.23,4.145625
7696,18.24,4.14625
7700,18.25,4.145
7704,18.26,4.145
7708,18.27,4.145
7713,18.28,4.145
7717,18.29,4.145
7721,18.3,4.145
7725,18.31,4.145
7730,18.32,4.145
7734,18.33,4.145
7738,18.34,4.145
7742,18.35,4.14375
7747,18.36,4.14375
7751,18.37,4.144375
7755,18.38,4.14375
7759,18.39,4.14375
7764,18.4,4.14375
7768,18.41,4.14375
7772,18.42,4.14375
7776,18.43,4.14375
7781,18.44,4.1425
7785,18.45,4.1431249999999995
7789,18.46,4.1425
7793,18.47,4.1425
7798,18.48,4.1425
7802,18.49,4.1425
7806,18.5,4.1425
7810,18.51,4.1425
7815,18.52,4.1425
7819,18.53,4.1425
7823,18.54,4.1425
7827,18.55,4.141875000000001
7832,18.56,4.14125
7836,18.57,4.14125
7840,18.58,4.14125
7844,18.59,4.14125
7849,18.6,4.14125
7853,18.61,4.14125
7857,18.62,4.14125
7861,18.63,4.14125
7865,18.64,4.14125
7870,18.65,4.14125
7874,18.66,4.14125
7878,18.67,4.14125
7882,18.68,4.14125
7886,18.69,4.14125
7891,18.7,4.14
7895,18.71,4.14
7899,18.72,4.14
7903,18.73,4.14
7908,18.74,4.14
7912,18.75,4.14
7916,18.76,4.14
7920,18.77,4.14
7924,18.78,4.14
7929,18.79,4.13875
7933,18.8,4.13875
7937,18.81,4.13875
7941,18.82,4.13875
7946,18.83,4.13875
7950,18.84,4.13875
7954,18.85,4.13875
7958,18.86,4.13875
7963,18.87,4.13875
7967,18.88,4.13875
7971,18.89,4.13875
7975,18.9,4.13875
7980,18.91,4.13875
7984,18.92,4.13875
7988,18.93,4.1381250000000005
7992,18.94,4.1375
7997,18.95,4.1375
8001,18.96,4.1375
8005,18.97,4.1375
8009,18.98,4.1375
8013,18.99,4.1375
8018,19.0,4.1375
8022,19.01,4.1375
8026,19.02,4.1375
8030,19.03,4.1375
8035,19.04,4.1375
8039,19.05,4.1375
8043,19.06,4.13625
8047,19.07,4.13625
8052,19.08,4.13625
8056,19.09,4.13625
8060,19.1,4.13625
8064,19.11,4.13625
8069,19.12,4.13625
8073,19.13,4.13625
8077,19.14,4.13625
8081,19.15,4.13625
8086,19.16,4.13625
8090,19.17,4.13625
8094,19.18,4.135
8098,19.19,4.135
8103,19.2,4.135
8107,19.21,4.135
8111,19.22,4.135
8115,19.23,4.135
8120,19.24,4.135
8124,19.25,4.135
8128,19.26,4.134375
8132,19.27,4.13375
8137,19.28,4.13375
8141,19.29,4.13375
8145,19.3,4.13375
8149,19.31,4.13375
8154,19.32,4.13375
8158,19.33,4.13375
8162,19.34,4.13375
8166,19.35,4.13375
8170,19.36,4.13375
8175,19.37,4.13375
8179,19.38,4.13375
8183,19.39,4.133125
8187,19.4,4.1325
8191,19.41,4.1325
8196,19.42,4.1325
8200,19.43,4.1325
8204,19.44,4.1325
8208,19.45,4.1325
8213,19.46,4.131875
8217,19.47,4.1325
8221,19.48,4.131875
8225,19.49,4.13125
8230,19.5,4.13125
8234,19.51,4.13125
8238,19.52,4.13125
8242,19.53,4.13125
8247,19.54,4.13125
8251,19.55,4.13125
8255,19.56,4.13125
8259,19.57,4.130625
8264,19.58,4.13
8268,19.59,4.13
8272,19.6,4.13
8276,19.61,4.13
8281,19.62,4.13
8285,19.63,4.13
8289,19.64,4.13
8293,19.65,4.13
8298,19.66,4.13
8302,19.67,4.13
8306,19.68,4.13
8310,19.69,4.13
8315,19.7,4.13
8319,19.71,4.129375
8323,19.72,4.12875
8327,19.73,4.129375
8332,19.74,4.12875
8336,19.75,4.12875
8340,19.76,4.12875
8344,19.77,4.12875
8349,19.78,4.12875
8353,19.79,4.12875
8357,19.8,4.12875
8361,19.81,4.12875
8366,19.82,4.12875
8370,19.83,4.12875
8374,19.84,4.128125000000001
8378,19.85,4.128125000000001
8383,19.86,4.1275
8387,19.87,4.128125000000001
8391,19.88,4.1275
8395,19.89,4.1275
8400,19.9,4.1275
8404,19.91,4.1275
8408,19.92,4.1275
8412,19.93,4.1275
8416,19.94,4.1275
8421,19.95,4.126875
8425,19.96,4.12625
8429,19.97,4.126875
8433,19.98,4.12625
8438,19.99,4.12625
8442,20.0,4.12625
8446,20.01,4.12625
8450,20.02,4.12625
8455,20.03,4.12625
8459,20.04,4.12625
8463,20.05,4.12625
8467,20.06,4.12625
8472,20.07,4.125624999999999
8476,20.08,4.125
8480,20.09,4.125
8485,20.1,4.125
8489,20.11,4.125
8493,20.12,4.125
8497,20.13,4.125
8502,20.14,4.125
8506,20.15,4.125
8510,20.16,4.124375000000001
8514,20.17,4.125
8518,20.18,4.12375
8523,20.19,4.124375000000001
8527,20.2,4.12375
8531,20.21,4.12375
8535,20.22,4.12375
8540,20.23,4.12375
8544,20.24,4.12375
8548,20.25,4.12375
8553,20.26,4.12375
8557,20.27,4.12375
8561,20.28,4.12375
8565,20.29,4.123125
8570,20.3,4.123125
8574,20.31,4.1225
8578,20.32,4.1225
8582,20.33,4.1225
8587,20.34,4.1225
8591,20.35,4.1225
8595,20.36,4.1225
8599,20.37,4.1225
8603,20.38,4.1225
8608,20.39,4.1225
8612,20.4,4.1225
8616,20.41,4.121874999999999
8620,20.42,4.12125
8625,20.43,4.12125
8629,20.44,4.12125
8633,20.45,4.12125
8637,20.46,4.12125
8642,20.47,4.12125
8646,20.48,4.12125
8650,20.49,4.12125
8654,20.5,4.12125
8659,20.51,4.12125
8663,20.52,4.12125
8667,20.53,4.12
8671,20.54,4.12
8676,20.55,4.12
8680,20.56,4.12
8684,20.57,4.12
8688,20.58,4.12
8693,20.59,4.12
8697,20.6,4.12
8701,20.61,4.12
8705,20.62,4.12
8710,20.63,4.12
8714,20.64,4.12
8718,20.65,4.12
8722,20.66,4.12
8727,20.67,4.12
8731,20.68,4.11875
8735,20.69,4.11875
8740,20.7,4.11875
8744,20.71,4.11875
8748,20.72,4.11875
8752,20.73,4.11875
8757,20.74,4.11875
8761,20.75,4.11875
8765,20.76,4.11875
8769,20.77,4.11875
8774,20.78,4.1175
8778,20.79,4.118125
8782,20.8,4.1175
8786,20.81,4.1175
8791,20.82,4.1175
8795,20.83,4.1175
8799,20.84,4.1175
8803,20.85,4.1175
8808,20.86,4.1175
8812,20.87,4.1175
8816,20.88,4.116875
8821,20.89,4.11625
8825,20.9,4.11625
8829,20.91,4.11625
8833,20.92,4.11625
8838,20.93,4.11625
8842,20.94,4.11625
8846,20.95,4.11625
8850,20.96,4.11625
8855,20.97,4.11625
8859,20.98,4.11625
8863,20.99,4.11625
8867,21.0,4.11625
8872,21.01,4.115625
8876,21.02,4.115
8880,21.03,4.115
8884,21.04,4.115
8888,21.05,4.115
8893,21.06,4.115
8897,21.07,4.115
8901,21.08,4.115
8905,21.09,4.115
8910,21.1,4.115
8914,21.11,4.115
8918,21.12,4.115
8922,21.13,4.115
8926,21.14,4.114375
8931,21.15,4.11375
8935,21.16,4.11375
8939,21.17,4.11375
8944,21.18,4.11375
8948,21.19,4.11375
8952,21.2,4.11375
8956,21.21,4.11375
8961,21.22,4.113125
8965,21.23,4.1125
8969,21.24,4.1125
8973,21.25,4.1125
8978,21.26,4.1125
8982,21.27,4.1125
8986,21.28,4.1125
8990,21.29,4.1125
8995,21.3,4.1125
8999,21.31,4.1125
9003,21.32,4.1125
9007,21.33,4.1125
9012,21.34,4.1118749999999995
9016,21.35,4.1125
9020,21.36,4.11125
9024,21.37,4.11125
9029,21.38,4.11125
9033,21.39,4.11125
9037,21.4,4.11125
9041,21.41,4.11125
9046,21.42,4.11125
9050,21.43,4.11125
9054,21.44,4.11125
9058,21.45,4.11125
9063,21.46,4.11125
9067,21.47,4.11125
9071,21.48,4.11125
9076,21.49,4.110625000000001
9080,21.5,4.11
9084,21.51,4.11
9088,21.52,4.11
9093,21.53,4.11
9097,21.54,4.11
9101,21.55,4.11
9105,21.56,4.11
9110,21.57,4.11
9114,21.58,4.109375
9118,21.59,4.11
9122,21.6,4.10875
9127,21.61,4.10875
9131,21.62,4.10875
9135,21.63,4.10875
9140,21.64,4.10875
9144,21.65,4.10875
9148,21.66,4.10875
9152,21.67,4.108124999999999
9157,21.68,4.1075
9161,21.69,4.1075
9165,21.7,4.1075
9169,21.71,4.1075
9174,21.72,4.1075
9178,21.73,4.1075
9182,21.74,4.1075
9187,21.75,4.1075
9191,21.76,4.1075
9195,21.77,4.1075
9199,21.78,4.1075
9204,21.79,4.1075
9208,21.8,4.1075
9212,21.81,4.1075
9216,21.82,4.1075
9221,21.83,4.1068750000000005
9225,21.84,4.10625
9229,21.85,4.10625
9233,21.86,4.10625
9238,21.87,4.10625
9242,21.88,4.10625
9246,21.89,4.10625
9250,21.9,4.10625
9255,21.91,4.10625
9259,21.92,4.10625
9263,21.93,4.105625
9267,21.94,4.10625
9272,21.95,4.105
9276,21.96,4.105
9280,21.97,4.105
9284,21.98,4.105
9289,21.99,4.105
9293,22.0,4.105
9297,22.01,4.105
9301,22.02,4.105
9306,22.03,4.105
9310,22.04,4.105
9314,22.05,4.105
9318,22.06,4.105
9323,22.07,4.10375
9327,22.08,4.104375
9331,22.09,4.10375
9335,22.1,4.10375
9340,22.11,4.10375
9344,22.12,4.10375
9348,22.13,4.10375
9353,22.14,4.10375
9357,22.15,4.10375
9361,22.16,4.10375
9365,22.17,4.1025
9370,22.18,4.1025
9374,22.19,4.1025
9378,22.2,4.1025
9383,22.21,4.1025
9387,22.22,4.1025
9391,22.23,4.1025
9395,22.24,4.1025
9400,22.25,4.1025
9404,22.26,4.1025
9408,22.27,4.1025
9412,22.28,4.1025
9417,22.29,4.1025
9421,22.3,4.1025
9425,22.31,4.10125
9429,22.32,4.10125
9434,22.33,4.10125
9438,22.34,4.10125
9442,22.35,4.10125
9446,22.36,4.10125
9451,22.37,4.10125
9455,22.38,4.1
9459,22.39,4.100625
9463,22.4,4.1
9468,22.41,4.100625
9472,22.42,4.1
9476,22.43,4.1
9480,22.44,4.1
9485,22.45,4.1
9489,22.46,4.1
9493,22.47,4.1
9498,22.48,4.1
9502,22.49,4.09875
9506,22.5,4.09875
9510,22.51,4.09875
9515,22.52,4.09875
9519,22.53,4.09875
9523,22.54,4.09875
9528,22.55,4.09875
9532,22.56,4.09875
9536,22.57,4.09875
9540,22.58,4.09875
9545,22.59,4.09875
9549,22.6,4.09875
9553,22.61,4.09875
9558,22.62,4.0975
9562,22.63,4.09875
9566,22.64,4.09875
9570,22.65,4.098125
9575,22.66,4.0975
9579,22.67,4.0975
9583,22.68,4.0975
9587,22.69,4.0975
9592,22.7,4.0975
9596,22.71,4.0975
9600,22.72,4.0975
9605,22.73,4.0975
9609,22.74,4.0975
9613,22.75,4.0975
9617,22.76,4.0975
9622,22.77,4.0975
9626,22.78,4.096875000000001
9630,22.79,4.09625
9634,22.8,4.09625
9639,22.81,4.09625
9643,22.82,4.09625
9647,22.83,4.09625
9652,22.84,4.09625
9656,22.85,4.095625
9660,22.86,4.095625
9665,22.87,4.095
9669,22.88,4.095
9673,22.89,4.095
9677,22.9,4.095
9682,22.91,4.095
9686,22.92,4.095
9690,22.93,4.095
9694,22.94,4.095
9699,22.95,4.095
9703,22.96,4.095
9707,22.97,4.095
9711,22.98,4.095
9716,22.99,4.095
9720,23.0,4.094374999999999
9724,23.01,4.094374999999999
9728,23.02,4.09375
9733,23.03,4.09375
9737,23.04,4.09375
9741,23.05,4.09375
9745,23.06,4.09375
9750,23.07,4.09375
9754,23.08,4.09375
9758,23.09,4.09375
9762,23.1,4.093125000000001
9767,23.11,4.093125000000001
9771,23.12,4.093125000000001
9775,23.13,4.0925
9780,23.14,4.0925
9784,23.15,4.0925
9788,23.16,4.0925
9792,23.17,4.0925
9797,23.18,4.0925
9801,23.19,4.0925
9805,23.2,4.0925
9809,23.21,4.091875
9814,23.22,4.09125
9818,23.23,4.09125
9822,23.24,4.09125
9827,23.25,4.09125
9831,23.26,4.09125
9835,23.27,4.09125
9839,23.28,4.09125
9844,23.29,4.09125
9848,23.3,4.09125
9852,23.31,4.09125
9856,23.32,4.09125
9861,23.33,4.090624999999999
9865,23.34,4.090624999999999
9869,23.35,4.09125
9874,23.36,4.090624999999999
9878,23.37,4.09
9882,23.38,4.09
9886,23.39,4.09
9891,23.4,4.09
9895,23.41,4.09
9899,23.42,4.09
9903,23.43,4.09
9908,23.44,4.09
9912,23.45,4.09
9916,23.46,4.09
9921,23.47,4.089375
9925,23.48,4.09
9929,23.49,4.08875
9933,23.5,4.08875
9938,23.51,4.08875
9942,23.52,4.08875
9946,23.53,4.08875
9951,23.54,4.08875
9955,23.55,4.08875
9959,23.56,4.08875
9964,23.57,4.08875
9968,23.58,4.08875
9972,23.59,4.088125
9976,23.6,4.088125
9981,23.61,4.0875
9985,23.62,4.0875
9989,23.63,4.0875
9994,23.64,4.0875
9998,23.65,4.0875
10002,23.66,4.0875
10006,23.67,4.0875
10011,23.68,4.0875
10015,23.69,4.08625
10019,23.7,4.08625
10023,23.71,4.08625
10028,23.72,4.08625
10032,23.73,4.08625
10036,23.74,4.08625
10041,23.75,4.08625
10045,23.76,4.08625
10049,23.77,4.08625
10053,23.78,4.08625
10057,23.79,4.08625
10062,23.8,4.08625
10066,23.81,4.085625
10070,23.82,4.085625
10074,23.83,4.085
10079,23.84,4.085
10083,23.85,4.085
10087,23.86,4.085
10092,23.87,4.085
10096,23.88,4.085
10100,23.89,4.085
10104,23.9,4.085
10109,23.91,4.085
10113,23.92,4.084375
10117,23.93,4.08375
10122,23.94,4.08375
10126,23.95,4.08375
10130,23.96,4.08375
10134,23.97,4.08375
10139,23.98,4.08375
10143,23.99,4.08375
10147,24.0,4.08375
10152,24.01,4.08375
10156,24.02,4.08375
10160,24.03,4.08375
10164,24.04,4.083125
10169,24.05,4.08375
10173,24.06,4.0825
10177,24.07,4.0825
10182,24.08,4.0825
10186,24.09,4.0825
10190,24.1,4.0825
10194,24.11,4.0825
10199,24.12,4.0825
10203,24.13,4.0825
10207,24.14,4.0825
10212,24.15,4.081875
10216,24.16,4.0825
10220,24.17,4.081875
10225,24.18,4.08125
10229,24.19,4.08125
10233,24.2,4.08125
10237,24.21,4.08125
10242,24.22,4.08125
10246,24.23,4.08125
10250,24.24,4.08125
10255,24.25,4.0806249999999995
10259,24.26,4.08
10263,24.27,4.08
10268,24.28,4.08
10272,24.29,4.08
10276,24.3,4.08
10280,24.31,4.08
10285,24.32,4.08
10289,24.33,4.08
10293,24.34,4.08
10298,24.35,4.08
10302,24.36,4.08
10306,24.37,4.079375000000001
10310,24.38,4.08
10315,24.39,4.07875
10319,24.4,4.07875
10323,24.41,4.07875
10328,24.42,4.07875
10332,24.43,4.07875
10336,24.44,4.07875
10340,24.45,4.07875
10345,24.46,4.07875
10349,24.47,4.07875
10353,24.48,4.07875
10358,24.49,4.07875
10362,24.5,4.07875
10366,24.51,4.078125
10370,24.52,4.0775
10375,24.53,4.078125
10379,24.54,4.0775
10383,24.55,4.0775
10388,24.56,4.0775
10392,24.57,4.0775
10396,24.58,4.0775
10401,24.59,4.076874999999999
10405,24.6,4.0775
10409,24.61,4.07625
10413,24.62,4.07625
10418,24.63,4.07625
10422,24.64,4.07625
10426,24.65,4.07625
10431,24.66,4.07625
10435,24.67,4.07625
10439,24.68,4.07625
10444,24.69,4.07625
10448,24.7,4.07625
10452,24.71,4.07625
10457,24.72,4.0756250000000005
10461,24.73,4.075
10465,24.74,4.075
10469,24.75,4.075
10474,24.76,4.075
10478,24.77,4.075
10482,24.78,4.075
10487,24.79,4.075
10491,24.8,4.075
10495,24.81,4.075
10500,24.82,4.075
10504,24.83,4.075
10508,24.84,4.075
10512,24.85,4.074375
10517,24.86,4.074375
10521,24.87,4.07375
10525,24.88,4.07375
10529,24.89,4.07375
10534,24.9,4.07375
10538,24.91,4.07375
10542,24.92,4.07375
10547,24.93,4.07375
10551,24.94,4.07375
10555,24.95,4.07375
10559,24.96,4.07375
10564,24.97,4.073125
10568,24.98,4.0725
10572,24.99,4.0725
10577,25.0,4.0725
10581,25.01,4.0725
10585,25.02,4.0725
10590,25.03,4.0725
10594,25.04,4.0725
10598,25.05,4.0725
10602,25.06,4.0725
10607,25.07,4.0725
10611,25.08,4.0725
10615,25.09,4.0725
10620,25.1,4.071875
10624,25.11,4.071875
10628,25.12,4.07125
10632,25.13,4.07125
10637,25.14,4.07125
10641,25.15,4.07125
10645,25.16,4.07125
10650,25.17,4.07125
10654,25.18,4.07125
10658,25.19,4.07125
10663,25.2,4.07
10667,25.21,4.070625
10671,25.22,4.07
10675,25.23,4.07
10680,25.24,4.07
10684,25.25,4.07
10688,25.26,4.07
10693,25.27,4.07
10697,25.28,4.07
10701,25.29,4.07
10705,25.3,4.07
10710,25.31,4.069375
10714,25.32,4.06875
10718,25.33,4.06875
10723,25.34,4.06875
10727,25.35,4.06875
10731,25.36,4.06875
10735,25.37,4.06875
10740,25.38,4.06875
10744,25.39,4.06875
10748,25.4,4.06875
10752,25.41,4.06875
10757,25.42,4.06875
10761,25.43,4.068125
10765,25.44,4.068125
10770,25.45,4.0675
10774,25.46,4.0675
10778,25.47,4.0675
10783,25.48,4.0675
10787,25.49,4.0675
10791,25.5,4.0675
10796,25.51,4.0675
10800,25.52,4.0675
10804,25.53,4.0675
10808,25.54,4.0675
10813,25.55,4.0675
10817,25.56,4.066875
10821,25.57,4.06625
10826,25.58,4.06625
10830,25.59,4.066875
10834,25.6,4.06625
10839,25.61,4.06625
10843,25.62,4.06625
10847,25.63,4.06625
10851,25.64,4.06625
10856,25.65,4.06625
10860,25.66,4.06625
10864,25.67,4.06625
10869,25.68,4.065
10873,25.69,4.065
10877,25.7,4.065
10882,25.71,4.065
10886,25.72,4.065
10890,25.73,4.065
10895,25.74,4.065
10899,25.75,4.065
10903,25.76,4.065
10908,25.77,4.065
10912,25.78,4.064375
10916,25.79,4.06375
10920,25.8,4.06375
10925,25.81,4.06375
10929,25.82,4.06375
10933,25.83,4.06375
10938,25.84,4.06375
10942,25.85,4.06375
10946,25.86,4.06375
10950,25.87,4.06375
10955,25.88,4.06375
10959,25.89,4.06375
10963,25.9,4.06375
10967,25.91,4.06375
10972,25.92,4.0625
10976,25.93,4.0625
10980,25.94,4.0625
10984,25.95,4.0625
10989,25.96,4.0625
10993,25.97,4.0625
10997,25.98,4.0625
11002,25.99,4.0625
11006,26.0,4.061875000000001
11010,26.01,4.06125
11015,26.02,4.06125
11019,26.03,4.06125
11023,26.04,4.06125
11027,26.05,4.06125
11032,26.06,4.06125
11036,26.07,4.06125
11040,26.08,4.06125
11045,26.09,4.06125
11049,26.1,4.06125
11053,26.11,4.06125
11058,26.12,4.06125
11062,26.13,4.06125
11066,26.14,4.06125
11070,26.15,4.06
11075,26.16,4.06
11079,26.17,4.06
11083,26.18,4.06
11088,26.19,4.06
11092,26.2,4.06
11096,26.21,4.06
11101,26.22,4.06
11105,26.23,4.06
11109,26.24,4.06
11114,26.25,4.06
11118,26.26,4.06
11122,26.27,4.05875
11126,26.28,4.05875
11131,26.29,4.05875
11135,26.3,4.05875
11139,26.31,4.05875
11144,26.32,4.05875
11148,26.33,4.05875
11152,26.34,4.05875
11157,26.35,4.05875
11161,26.36,4.05875
11165,26.37,4.05875
11170,26.38,4.05875
11174,26.39,4.0575
11178,26.4,4.0575
11182,26.41,4.0575
11187,26.42,4.0575
11191,26.43,4.0575
11195,26.44,4.0575
11200,26.45,4.0575
11204,26.46,4.05625
11208,26.47,4.05625
11213,26.48,4.05625
11217,26.49,4.05625
11221,26.5,4.0575
11225,26.51,4.05625
11230,26.52,4.05625
11234,26.53,4.05625
11238,26.54,4.05625
11242,26.55,4.05625
11247,26.56,4.05625
11251,26.57,4.05625
11255,26.58,4.05625
11260,26.59,4.05625
11264,26.6,4.055625
11268,26.61,4.055625
11272,26.62,4.055625
11277,26.63,4.055
11281,26.64,4.055
11285,26.65,4.055
11290,26.66,4.055
11294,26.67,4.055
11298,26.68,4.055
11303,26.69,4.055
11307,26.7,4.055
11311,26.71,4.054375
11316,26.72,4.055
11320,26.73,4.05375
11324,26.74,4.054375
11328,26.75,4.05375
11333,26.76,4.05375
11337,26.77,4.05375
11341,26.78,4.05375
11346,26.79,4.05375
11350,26.8,4.05375
11354,26.81,4.05375
11359,26.82,4.05375
11363,26.83,4.05375
11367,26.84,4.0525
11371,26.85,4.0525
11376,26.86,4.0525
11380,26.87,4.0525
11384,26.88,4.0525
11389,26.89,4.0525
11393,26.9,4.0525
11397,26.91,4.0525
11402,26.92,4.0525
11406,26.93,4.0525
11410,26.94,4.0525
11415,26.95,4.0525
11419,26.96,4.0525
11423,26.97,4.051875
11427,26.98,4.05125
11432,26.99,4.05125
11436,27.0,4.05125
11440,27.01,4.05125
11445,27.02,4.05125
11449,27.03,4.05125
11453,27.04,4.05125
11458,27.05,4.05125
11462,27.06,4.050625
11466,27.07,4.05
11471,27.08,4.05
11475,27.09,4.05
11479,27.1,4.05
11483,27.11,4.05
11488,27.12,4.05
11492,27.13,4.05
11496,27.14,4.05
11501,27.15,4.05
11505,27.16,4.05
11509,27.17,4.05
11514,27.18,4.04875
11518,27.19,4.04875
11522,27.2,4.0493749999999995
11527,27.21,4.04875
11531,27.22,4.04875
11535,27.23,4.04875
11540,27.24,4.04875
11544,27.25,4.04875
11548,27.26,4.04875
11553,27.27,4.04875
11557,27.28,4.048125000000001
11561,27.29,4.048125000000001
11565,27.3,4.0475
11570,27.31,4.0475
11574,27.32,4.0475
11578,27.33,4.0475
11583,27.34,4.0475
11587,27.35,4.0475
11591,27.36,4.0475
11596,27.37,4.0475
11600,27.38,4.0475
11604,27.39,4.0475
11609,27.4,4.0475
11613,27.41,4.04625
11617,27.42,4.046875
11622,27.43,4.04625
11626,27.44,4.04625
11630,27.45,4.04625
11634,27.46,4.04625
11639,27.47,4.04625
11643,27.48,4.04625
11647,27.49,4.04625
11652,27.5,4.04625
11656,27.51,4.04625
11660,27.52,4.04625
11665,27.53,4.04625
11669,27.54,4.04625
11673,27.55,4.045
11678,27.56,4.045624999999999
11682,27.57,4.045
11686,27.58,4.045
11691,27.59,4.045
11695,27.6,4.045
11699,27.61,4.045
11704,27.62,4.045
11708,27.63,4.045
11712,27.64,4.0443750000000005
11717,27.65,4.04375
11721,27.66,4.0443750000000005
11725,27.67,4.04375
11730,27.68,4.04375
11734,27.69,4.04375
11738,27.7,4.04375
11742,27.71,4.04375
11747,27.72,4.04375
11751,27.73,4.04375
11755,27.74,4.04375
11760,27.75,4.04375
11764,27.76,4.04375
11768,27.77,4.0425
11772,27.78,4.0425
11777,27.79,4.0425
11781,27.8,4.0425
11785,27.81,4.0425
11790,27.82,4.0425
11794,27.83,4.0425
11798,27.84,4.0425
11802,27.85,4.0425
11807,27.86,4.041875
11811,27.87,4.04125
11815,27.88,4.04125
11820,27.89,4.04125
11824,27.9,4.04125
11828,27.91,4.04125
11833,27.92,4.04125
11837,27.93,4.04125
11841,27.94,4.04125
11846,27.95,4.040625
11850,27.96,4.04
11854,27.97,4.040625
11859,27.98,4.04
11863,27.99,4.04
11867,28.0,4.04
11872,28.01,4.04
11876,28.02,4.04
11880,28.03,4.04
11885,28.04,4.04
11889,28.05,4.04
11894,28.06,4.04
11898,28.07,4.04
11902,28.08,4.04
11906,28.09,4.04
11911,28.1,4.04
11915,28.11,4.04
11919,28.12,4.039375
11924,28.13,4.03875
11928,28.14,4.039375
11932,28.15,4.03875
11937,28.16,4.03875
11941,28.17,4.03875
11945,28.18,4.03875
11950,28.19,4.03875
11954,28.2,4.03875
11958,28.21,4.03875
11963,28.22,4.038125
11967,28.23,4.038125
11971,28.24,4.0375
11976,28.25,4.0375
11980,28.26,4.0375
11984,28.27,4.0375
11989,28.28,4.0375
11993,28.29,4.0375
11997,28.3,4.0375
12002,28.31,4.0375
12006,28.32,4.0375
12010,28.33,4.0375
12015,28.34,4.036875
12019,28.35,4.03625
12023,28.36,4.03625
12028,28.37,4.03625
12032,28.38,4.03625
12036,28.39,4.03625
12041,28.4,4.03625
12045,28.41,4.03625
12049,28.42,4.03625
12054,28.43,4.035625
12058,28.44,4.035
12062,28.45,4.035
12067,28.46,4.035
12071,28.47,4.035
12075,28.48,4.035
12079,28.49,4.035
12084,28.5,4.035
12088,28.51,4.035
12092,28.52,4.035
12097,28.53,4.035
12101,28.54,4.035
12105,28.55,4.035
12110,28.56,4.034375000000001
12114,28.57,4.034375000000001
12118,28.58,4.03375
12123,28.59,4.03375
12127,28.6,4.03375
12131,28.61,4.03375
12136,28.62,4.03375
12140,28.63,4.03375
12145,28.64,4.03375
12149,28.65,4.03375
12153,28.66,4.03375
12158,28.67,4.03375
12162,28.68,4.03375
12166,28.69,4.03375
12171,28.7,4.03375
12175,28.71,4.0325
12179,28.72,4.0325
12184,28.73,4.0325
12188,28.74,4.0325
12192,28.75,4.0325
12197,28.76,4.0325
12201,28.77,4.0325
12205,28.78,4.0325
12209,28.79,4.031874999999999
12214,28.8,4.031874999999999
12218,28.81,4.03125
12222,28.82,4.03125
12227,28.83,4.03125
12231,28.84,4.03125
12235,28.85,4.03125
12240,28.86,4.03125
12244,28.87,4.03125
12248,28.88,4.03125
12253,28.89,4.03125
12257,28.9,4.03125
12261,28.91,4.03125
12265,28.92,4.03125
12270,28.93,4.03
12274,28.94,4.03
12278,28.95,4.03
12283,28.96,4.03
12287,28.97,4.03
12291,28.98,4.03
12296,28.99,4.03
12300,29.0,4.03
12304,29.01,4.03
12309,29.02,4.03
12313,29.03,4.03
12317,29.04,4.029375
12322,29.05,4.029375
12326,29.06,4.02875
12330,29.07,4.02875
12335,29.08,4.02875
12339,29.09,4.02875
12343,29.1,4.02875
12348,29.11,4.02875
12352,29.12,4.02875
12356,29.13,4.02875
12361,29.14,4.02875
12365,29.15,4.02875
12369,29.16,4.02875
12374,29.17,4.028124999999999
12378,29.18,4.0275
12382,29.19,4.0275
12387,29.2,4.0275
12391,29.21,4.0275
12395,29.22,4.0275
12400,29.23,4.0275
12404,29.24,4.0275
12408,29.25,4.026875
12413,29.26,4.02625
12417,29.27,4.02625
12421,29.28,4.02625
12426,29.29,4.02625
12430,29.3,4.02625
12434,29.31,4.02625
12439,29.32,4.02625
12443,29.33,4.02625
12448,29.34,4.02625
12452,29.35,4.02625
12456,29.36,4.02625
12460,29.37,4.02625
12465,29.38,4.02625
12469,29.39,4.02625
12473,29.4,4.02625
12478,29.41,4.025625
12482,29.42,4.025
12486,29.43,4.025
12491,29.44,4.025
12495,29.45,4.025
12499,29.46,4.025
12503,29.47,4.025
12508,29.48,4.025
12512,29.49,4.025
12516,29.5,4.024375
12521,29.51,4.02375
12525,29.52,4.02375
12529,29.53,4.02375
12534,29.54,4.02375
12538,29.55,4.02375
12542,29.56,4.02375
12547,29.57,4.02375
12551,29.58,4.02375
12556,29.59,4.023125
12560,29.6,4.0225
12564,29.61,4.0225
12569,29.62,4.0225
12573,29.63,4.0225
12577,29.64,4.0225
12582,29.65,4.0225
12586,29.66,4.0225
12590,29.67,4.0225
12595,29.68,4.0225
12599,29.69,4.0225
12603,29.7,4.0225
12608,29.71,4.0225
12612,29.72,4.0225
12616,29.73,4.0225
12621,29.74,4.0225
12625,29.75,4.0225
12629,29.76,4.0225
12633,29.77,4.0225
12638,29.78,4.02125
12642,29.79,4.021875
12646,29.8,4.02125
12651,29.81,4.02125
12655,29.82,4.02125
12659,29.83,4.02125
12664,29.84,4.02125
12668,29.85,4.02125
12672,29.86,4.02125
12677,29.87,4.02125
12681,29.88,4.02125
12685,29.89,4.020625
12690,29.9,4.02
12694,29.91,4.02
12698,29.92,4.02
12703,29.93,4.02
12707,29.94,4.02
12712,29.95,4.02
12716,29.96,4.02
12720,29.97,4.02
12724,29.98,4.02
12729,29.99,4.02
12733,30.0,4.02
12737,30.01,4.02
12742,30.02,4.019375
12746,30.03,4.01875
12750,30.04,4.01875
12755,30.05,4.01875
12759,30.06,4.01875
12763,30.07,4.01875
12767,30.08,4.01875
12772,30.09,4.01875
12776,30.1,4.01875
12780,30.11,4.01875
12785,30.12,4.0181249999999995
12789,30.13,4.0181249999999995
12793,30.14,4.0175
12798,30.15,4.0175
12802,30.16,4.0175
12806,30.17,4.0175
12811,30.18,4.0175
12815,30.19,4.0175
12819,30.2,4.0175
12824,30.21,4.0175
12828,30.22,4.0175
12832,30.23,4.0175
12837,30.24,4.0175
12841,30.25,4.01625
12845,30.26,4.01625
12850,30.27,4.01625
12854,30.28,4.01625
12858,30.29,4.01625
12863,30.3,4.01625
12867,30.31,4.01625
12871,30.32,4.01625
12876,30.33,4.01625
12880,30.34,4.01625
12884,30.35,4.01625
12889,30.36,4.01625
12893,30.37,4.01625
12897,30.38,4.01625
12902,30.39,4.01625
12906,30.4,4.015
12910,30.41,4.015
12915,30.42,4.015625
12919,30.43,4.015
12923,30.44,4.015
12928,30.45,4.015
12932,30.46,4.015
12936,30.47,4.015
12941,30.48,4.015
12945,30.49,4.015
12949,30.5,4.015
12954,30.51,4.015
12958,30.52,4.01375
12962,30.53,4.01375
12967,30.54,4.01375
12971,30.55,4.01375
12976,30.56,4.01375
12980,30.57,4.01375
12984,30.58,4.01375
12989,30.59,4.01375
12993,30.6,4.01375
12997,30.61,4.01375
13002,30.62,4.01375
13006,30.63,4.01375
13010,30.64,4.01375
13015,30.65,4.0131250000000005
13019,30.66,4.0125
13023,30.67,4.0125
13028,30.68,4.0125
13032,30.69,4.0125
13036,30.7,4.0125
13041,30.71,4.0125
13045,30.72,4.0125
13049,30.73,4.0125
13054,30.74,4.0125
13058,30.75,4.0125
13062,30.76,4.0125
13067,30.77,4.011875
13071,30.78,4.011875
13075,30.79,4.011875
13080,30.8,4.01125
13084,30.81,4.01125
13088,30.82,4.011875
13093,30.83,4.01125
13097,30.84,4.01125
13101,30.85,4.01125
13106,30.86,4.01125
13110,30.87,4.01125
13114,30.88,4.01125
13119,30.89,4.01125
13123,30.9,4.01125
13127,30.91,4.01125
13132,30.92,4.010625
13136,30.93,4.010625
13140,30.94,4.01
13145,30.95,4.01125
13149,30.96,4.01
13154,30.97,4.01
13158,30.98,4.01
13162,30.99,4.01
13167,31.0,4.01
13171,31.01,4.01
13175,31.02,4.01
13180,31.03,4.01
13184,31.04,4.01
13188,31.05,4.01
13192,31.06,4.01
13197,31.07,4.01
13201,31.08,4.01
13206,31.09,4.009375
13210,31.1,4.01
13214,31.11,4.00875
13219,31.12,4.009375
13223,31.13,4.00875
13227,31.14,4.00875
13232,31.15,4.00875
13236,31.16,4.00875
13240,31.17,4.00875
13245,31.18,4.00875
13249,31.19,4.00875
13253,31.2,4.008125
13258,31.21,4.0075
13262,31.22,4.0075
13267,31.23,4.00875
13271,31.24,4.008125
13275,31.25,4.0075
13280,31.26,4.0075
13284,31.27,4.0075
13288,31.28,4.0075
13293,31.29,4.0075
13297,31.3,4.0075
13301,31.31,4.0075
13306,31.32,4.0075
13310,31.33,4.0075
13314,31.34,4.0075
13318,31.35,4.0075
13323,31.36,4.0075
13327,31.37,4.0075
13331,31.38,4.0075
13336,31.39,4.0075
13340,31.4,4.006875
13344,31.41,4.00625
13349,31.42,4.006875
13353,31.43,4.00625
13357,31.44,4.00625
13362,31.45,4.00625
13366,31.46,4.00625
13370,31.47,4.00625
13375,31.48,4.00625
13379,31.49,4.005625
13383,31.5,4.005625
13388,31.51,4.005
13392,31.52,4.005625
13397,31.53,4.005
13401,31.54,4.005
13405,31.55,4.005
13410,31.56,4.005
13414,31.57,4.005
13418,31.58,4.005
13423,31.59,4.005
13427,31.6,4.005
13432,31.61,4.005
13436,31.62,4.005
13440,31.63,4.005
13445,31.64,4.005
13449,31.65,4.005
13453,31.66,4.005
13458,31.67,4.005
13462,31.68,4.005
13466,31.69,4.005
13471,31.7,4.005
13475,31.71,4.00375
13479,31.72,4.005
13484,31.73,4.004375
13488,31.74,4.00375
13492,31.75,4.00375
13497,31.76,4.00375
13501,31.77,4.00375
13505,31.78,4.00375
13510,31.79,4.00375
13514,31.8,4.00375
13519,31.81,4.00375
13523,31.82,4.00375
13527,31.83,4.00375
13532,31.84,4.00375
13536,31.85,4.00375
13540,31.86,4.00375
13545,31.87,4.00375
13549,31.88,4.003125000000001
13553,31.89,4.0025
13558,31.9,4.0025
13562,31.91,4.0025
13567,31.92,4.0025
13571,31.93,4.0025
13575,31.94,4.0025
13580,31.95,4.0025
13584,31.96,4.0025
13588,31.97,4.0025
13593,31.98,4.0025
13597,31.99,4.0025
13601,32.0,4.001875
13606,32.01,4.001875
13610,32.02,4.00125
13615,32.03,4.001875
13619,32.04,4.00125
13623,32.05,4.00125
13628,32.06,4.00125
13632,32.07,4.00125
13636,32.08,4.00125
13641,32.09,4.00125
13645,32.1,4.00125
13650,32.11,4.00125
13654,32.12,4.00125
13658,32.13,4.0
13663,32.14,4.00125
13667,32.15,4.000624999999999
13671,32.16,4.00125
13676,32.17,4.000624999999999
13680,32.18,4.0
13684,32.19,4.0
13689,32.2,4.0
13693,32.21,4.0
13697,32.22,4.0
13702,32.23,4.0
13706,32.24,4.0
13711,32.25,4.0
13715,32.26,4.0
13719,32.27,4.0
13724,32.28,4.0
13728,32.29,4.0
13732,32.3,4.0
13737,32.31,4.0
13741,32.32,4.0
13745,32.33,4.0
13750,32.34,3.9993749999999997
13754,32.35,3.9993749999999997
13758,32.36,3.9993749999999997
13763,32.37,3.99875
13767,32.38,3.99875
13771,32.39,3.99875
13776,32.4,3.99875
13780,32.41,3.99875
13785,32.42,3.99875
13789,32.43,3.99875
13793,32.44,3.99875
13798,32.45,3.99875
13802,32.46,3.99875
13806,32.47,3.99875
13811,32.48,3.99875
13815,32.49,3.99875
13819,32.5,3.99875
13824,32.51,3.99875
13828,32.52,3.998125
13833,32.53,3.9975
13837,32.54,3.9975
13841,32.55,3.9975
13846,32.56,3.9975
13850,32.57,3.9975
13854,32.58,3.9975
13859,32.59,3.9975
13863,32.6,3.9975
13867,32.61,3.9975
13872,32.62,3.9975
13876,32.63,3.9975
13881,32.64,3.9975
13885,32.65,3.9975
13889,32.66,3.99625
13894,32.67,3.99625
13898,32.68,3.99625
13902,32.69,3.99625
13906,32.7,3.99625
13911,32.71,3.99625
13915,32.72,3.99625
13919,32.73,3.99625
13924,32.74,3.99625
13928,32.75,3.99625
13932,32.76,3.99625
13937,32.77,3.99625
13941,32.78,3.99625
13945,32.79,3.99625
13950,32.8,3.99625
13954,32.81,3.995625
13958,32.82,3.99625
13963,32.83,3.995625
13967,32.84,3.995
13971,32.85,3.995
13976,32.86,3.995
13980,32.87,3.995
13984,32.88,3.995
13989,32.89,3.995
13993,32.9,3.995
13997,32.91,3.995
14002,32.92,3.995
14006,32.93,3.995
14010,32.94,3.995
14015,32.95,3.995
14019,32.96,3.995
14023,32.97,3.994375
14028,32.98,3.99375
14032,32.99,3.99375
14036,33.0,3.99375
14041,33.01,3.99375
14045,33.02,3.99375
14050,33.03,3.99375
14054,33.04,3.99375
14058,33.05,3.99375
14063,33.06,3.99375
14067,33.07,3.99375
14071,33.08,3.99375
14076,33.09,3.9925
14080,33.1,3.9925
14085,33.11,3.9925
14089,33.12,3.9925
14093,33.13,3.9925
14098,33.14,3.9925
14102,33.15,3.9925
14106,33.16,3.9925
14111,33.17,3.9925
14115,33.18,3.9925
14119,33.19,3.9925
14124,33.2,3.9925
14128,33.21,3.9925
14132,33.22,3.9925
14137,33.23,3.9925
14141,33.24,3.9925
14146,33.25,3.9925
14150,33.26,3.9925
14154,33.27,3.9918750000000003
14159,33.28,3.99125
14163,33.29,3.99125
14167,33.3,3.99125
14172,33.31,3.99125
14176,33.32,3.99125
14180,33.33,3.99125
14185,33.34,3.99125
14189,33.35,3.99125
14194,33.36,3.99125
14198,33.37,3.99125
14202,33.38,3.99125
14207,33.39,3.99125
14211,33.4,3.99125
14215,33.41,3.990625
14220,33.42,3.99
14224,33.43,3.99
14229,33.44,3.99
14233,33.45,3.99
14237,33.46,3.99
14242,33.47,3.99
14246,33.48,3.99
14250,33.49,3.99
14255,33.5,3.99
14259,33.51,3.99
14263,33.52,3.98875
14268,33.53,3.98875
14272,33.54,3.98875
14277,33.55,3.98875
14281,33.56,3.98875
14285,33.57,3.98875
14290,33.58,3.98875
14294,33.59,3.98875
14298,33.6,3.98875
14303,33.61,3.98875
14307,33.62,3.98875
14312,33.63,3.98875
14316,33.64,3.9875
14320,33.65,3.9875
14325,33.66,3.9875
14329,33.67,3.9875
14333,33.68,3.9875
14338,33.69,3.9875
14342,33.7,3.9875
14347,33.71,3.9875
14351,33.72,3.9875
14355,33.73,3.9875
14360,33.74,3.9875
14364,33.75,3.986875
14368,33.76,3.986875
14373,33.77,3.986875
14377,33.78,3.986875
14381,33.79,3.986875
14386,33.8,3.98625
14390,33.81,3.98625
14395,33.82,3.98625
14399,33.83,3.98625
14403,33.84,3.98625
14408,33.85,3.98625
14412,33.86,3.98625
14416,33.87,3.98625
14421,33.88,3.98625
14425,33.89,3.98625
14429,33.9,3.98625
14434,33.91,3.9856249999999998
14438,33.92,3.985
14443,33.93,3.985
14447,33.94,3.985
14451,33.95,3.985
14456,33.96,3.985
14460,33.97,3.985
14464,33.98,3.985
14469,33.99,3.984375
14473,34.0,3.98375
14478,34.01,3.98375
14482,34.02,3.98375
14486,34.03,3.98375
14491,34.04,3.98375
14495,34.05,3.98375
14500,34.06,3.98375
14504,34.07,3.98375
14508,34.08,3.98375
14513,34.09,3.98375
14517,34.1,3.9831250000000002
14521,34.11,3.9825
14526,34.12,3.9831250000000002
14530,34.13,3.9825
14535,34.14,3.9825
14539,34.15,3.9825
14543,34.16,3.9825
14548,34.17,3.9825
14552,34.18,3.9825
14556,34.19,3.9825
14561,34.2,3.9825
14565,34.21,3.9825
14570,34.22,3.9825
14574,34.23,3.9825
14578,34.24,3.9825
14583,34.25,3.981875
14587,34.26,3.98125
14592,34.27,3.98125
14596,34.28,3.98125
14600,34.29,3.98125
14605,34.3,3.98125
14609,34.31,3.98125
14613,34.32,3.98125
14618,34.33,3.98125
14622,34.34,3.98125
14627,34.35,3.98125
14631,34.36,3.98
14635,34.37,3.98
14640,34.38,3.98
14644,34.39,3.98
14648,34.4,3.98
14653,34.41,3.98
14657,34.42,3.98
14662,34.43,3.979375
14666,34.44,3.97875
14670,34.45,3.979375
14675,34.46,3.97875
14679,34.47,3.97875
14683,34.48,3.97875
14688,34.49,3.97875
14692,34.5,3.97875
14696,34.51,3.97875
14701,34.52,3.97875
14705,34.53,3.97875
14709,34.54,3.978125
14714,34.55,3.978125
14718,34.56,3.9775
14722,34.57,3.9775
14727,34.58,3.9775
14731,34.59,3.9775
14735,34.6,3.9775
14740,34.61,3.9775
14744,34.62,3.9775
14748,34.63,3.9775
14753,34.64,3.9768749999999997
14757,34.65,3.97625
14762,34.66,3.97625
14766,34.67,3.97625
14770,34.68,3.97625
14775,34.69,3.97625
14779,34.7,3.97625
14783,34.71,3.97625
14788,34.72,3.975625
14792,34.73,3.975
14796,34.74,3.975
14801,34.75,3.975
14805,34.76,3.975
14809,34.77,3.975
14814,34.78,3.975
14818,34.79,3.974375
14823,34.8,3.974375
14827,34.81,3.97375
14831,34.82,3.97375
14836,34.83,3.97375
14840,34.84,3.97375
14844,34.85,3.97375
14849,34.86,3.97375
14853,34.87,3.97375
14858,34.88,3.97375
14862,34.89,3.97375
14866,34.9,3.97375
14871,34.91,3.9725
14875,34.92,3.973125
14879,34.93,3.9725
14884,34.94,3.9725
14888,34.95,3.9725
14893,34.96,3.9725
14897,34.97,3.9725
14901,34.98,3.9725
14906,34.99,3.9725
14910,35.0,3.9725
14914,35.01,3.971875
14919,35.02,3.97125
14923,35.03,3.97125
14928,35.04,3.97125
14932,35.05,3.97125
14936,35.06,3.97125
14941,35.07,3.97125
14945,35.08,3.97125
14949,35.09,3.970625
14954,35.1,3.970625
14958,35.11,3.97
14963,35.12,3.97
14967,35.13,3.97
14971,35.14,3.97
14976,35.15,3.97
14980,35.16,3.97
14984,35.17,3.97
14989,35.18,3.97
14993,35.19,3.96875
14997,35.2,3.96875
15002,35.21,3.96875
15006,35.22,3.96875
15011,35.23,3.96875
15015,35.24,3.96875
15019,35.25,3.96875
15024,35.26,3.96875
15028,35.27,3.9681249999999997
15032,35.28,3.9681249999999997
15037,35.29,3.9675
15041,35.3,3.9675
15046,35.31,3.9675
15050,35.32,3.9675
15054,35.33,3.966875
15059,35.34,3.96625
15063,35.35,3.96625
15068,35.36,3.96625
15072,35.37,3.96625
15076,35.38,3.96625
15081,35.39,3.96625
15085,35.4,3.96625
15090,35.41,3.96625
15094,35.42,3.965
15098,35.43,3.96625
15103,35.44,3.965
15107,35.45,3.965
15111,35.46,3.965
15116,35.47,3.965
15120,35.48,3.965
15124,35.49,3.965
15129,35.5,3.965
15133,35.51,3.965
15137,35.52,3.96375
15142,35.53,3.96375
15146,35.54,3.96375
15151,35.55,3.96375
15155,35.56,3.96375
15159,35.57,3.96375
15164,35.58,3.96375
15168,35.59,3.96375
15172,35.6,3.963125
15177,35.61,3.9625
15181,35.62,3.9625
15185,35.63,3.9625
15190,35.64,3.9625
15194,35.65,3.9625
15199,35.66,3.961875
15203,35.67,3.9625
15207,35.68,3.96125
15212,35.69,3.96125
15216,35.7,3.96125
15220,35.71,3.96125
15225,35.72,3.96125
15229,35.73,3.96125
15234,35.74,3.96125
15238,35.75,3.96125
15242,35.76,3.9606250000000003
15247,35.77,3.96
15251,35.78,3.96
15255,35.79,3.96
15260,35.8,3.96
15264,35.81,3.96
15269,35.82,3.96
15273,35.83,3.96
15277,35.84,3.96
15282,35.85,3.959375
15286,35.86,3.959375
15291,35.87,3.95875
15295,35.88,3.95875
15299,35.89,3.95875
15304,35.9,3.95875
15308,35.91,3.95875
15312,35.92,3.958125
15317,35.93,3.9575
15321,35.94,3.9575
15326,35.95,3.9575
15330,35.96,3.9575
15334,35.97,3.9575
15339,35.98,3.9575
15343,35.99,3.9575
15348,36.0,3.9575
15352,36.01,3.95625
15356,36.02,3.95625
15361,36.03,3.95625
15365,36.04,3.95625
15370,36.05,3.95625
15374,36.06,3.95625
15378,36.07,3.95625
15383,36.08,3.95625
15387,36.09,3.955625
15392,36.1,3.955
15396,36.11,3.955
15400,36.12,3.955
15405,36.13,3.955
15409,36.14,3.955
15414,36.15,3.9543749999999998
15418,36.16,3.95375
15422,36.17,3.95375
15427,36.18,3.95375
15431,36.19,3.95375
15436,36.2,3.95375
15440,36.21,3.95375
15444,36.22,3.95375
15449,36.23,3.953125
15453,36.24,3.9525
15458,36.25,3.9525
15462,36.26,3.9525
15466,36.27,3.9525
15471,36.28,3.9525
15475,36.29,3.9525
15480,36.3,3.9525
15484,36.31,3.9518750000000002
15488,36.32,3.9525
15493,36.33,3.95125
15497,36.34,3.95125
15502,36.35,3.95125
15506,36.36,3.95125
15510,36.37,3.95125
15515,36.38,3.95125
15519,36.39,3.95125
15524,36.4,3.95125
15528,36.41,3.95
15532,36.42,3.95
15537,36.43,3.95
15541,36.44,3.95
15546,36.45,3.95
15550,36.46,3.95
15554,36.47,3.95
15559,36.48,3.95
15563,36.49,3.95
15568,36.5,3.94875
15572,36.51,3.94875
15576,36.52,3.94875
15581,36.53,3.94875
15585,36.54,3.94875
15590,36.55,3.94875
15594,36.56,3.94875
15598,36.57,3.94875
15603,36.58,3.948125
15607,36.59,3.9475
15611,36.6,3.9475
15616,36.61,3.9475
15620,36.62,3.9475
15625,36.63,3.9475
15629,36.64,3.9475
15633,36.65,3.9475
15638,36.66,3.9475
15642,36.67,3.9475
15646,36.68,3.946875
15651,36.69,3.946875
15655,36.7,3.946875
15660,36.71,3.94625
15664,36.72,3.94625
15668,36.73,3.94625
15673,36.74,3.94625
15677,36.75,3.94625
15682,36.76,3.94625
15686,36.77,3.945
15690,36.78,3.945
15695,36.79,3.945
15699,36.8,3.945
15704,36.81,3.945
15708,36.82,3.945
15712,36.83,3.945
15717,36.84,3.945
15721,36.85,3.945
15726,36.86,3.944375
15730,36.87,3.94375
15734,36.88,3.94375
15739,36.89,3.94375
15743,36.9,3.94375
15748,36.91,3.94375
15752,36.92,3.94375
15757,36.93,3.943125
15761,36.94,3.94375
15765,36.95,3.943125
15770,36.96,3.9425
15774,36.97,3.9425
15779,36.98,3.9425
15783,36.99,3.9425
15787,37.0,3.9425
15792,37.01,3.9425
15796,37.02,3.9425
15800,37.03,3.9425
15805,37.04,3.941875
15809,37.05,3.94125
15814,37.06,3.94125
15818,37.07,3.94125
15822,37.08,3.94125
15827,37.09,3.94125
15831,37.1,3.94125
15835,37.11,3.94125
15840,37.12,3.940625
15844,37.13,3.940625
15849,37.14,3.94
15853,37.15,3.94
15857,37.16,3.94
15862,37.17,3.94
15866,37.18,3.94
15870,37.19,3.94
15875,37.2,3.94
15879,37.21,3.939375
15884,37.22,3.94
15888,37.23,3.939375
15892,37.24,3.93875
15897,37.25,3.93875
15901,37.26,3.93875
15906,37.27,3.93875
15910,37.28,3.93875
15914,37.29,3.93875
15919,37.3,3.93875
15923,37.31,3.93875
15928,37.32,3.93875
15932,37.33,3.93875
15936,37.34,3.9375
15941,37.35,3.9375
15945,37.36,3.9375
15950,37.37,3.9375
15954,37.38,3.9375
15958,37.39,3.9375
15963,37.4,3.9375
15967,37.41,3.9375
15972,37.42,3.9375
15976,37.43,3.93625
15980,37.44,3.93625
15985,37.45,3.93625
15989,37.46,3.93625
15994,37.47,3.93625
15998,37.48,3.93625
16002,37.49,3.93625
16007,37.5,3.93625
16011,37.51,3.93625
16016,37.52,3.935625
16020,37.53,3.935
16024,37.54,3.935
16029,37.55,3.935
16033,37.56,3.935
16038,37.57,3.935
16042,37.58,3.935
16047,37.59,3.935
16051,37.6,3.935
16055,37.61,3.935
16060,37.62,3.935
16064,37.63,3.934375
16069,37.64,3.93375
16073,37.65,3.93375
16077,37.66,3.93375
16082,37.67,3.93375
16086,37.68,3.93375
16091,37.69,3.93375
16095,37.7,3.93375
16099,37.71,3.93375
16104,37.72,3.93375
16108,37.73,3.93375
16113,37.74,3.93375
16117,37.75,3.93375
16121,37.76,3.9325
16126,37.77,3.9325
16130,37.78,3.9325
16134,37.79,3.9325
16139,37.8,3.9325
16143,37.81,3.9325
16148,37.82,3.9325
16152,37.83,3.931875
16156,37.84,3.93125
16161,37.85,3.93125
16165,37.86,3.93125
16169,37.87,3.93125
16174,37.88,3.93125
16178,37.89,3.93125
16183,37.9,3.93125
16187,37.91,3.93125
16191,37.92,3.93125
16196,37.93,3.93125
16200,37.94,3.93125
16205,37.95,3.93
16209,37.96,3.93
16214,37.97,3.93
16218,37.98,3.93
16222,37.99,3.93
16227,38.0,3.93
16231,38.01,3.93
16236,38.02,3.93
16240,38.03,3.93
16245,38.04,3.93
16249,38.05,3.92875
16253,38.06,3.92875
16258,38.07,3.92875
16262,38.08,3.92875
16267,38.09,3.92875
16271,38.1,3.92875
16276,38.11,3.92875
16280,38.12,3.92875
16284,38.13,3.92875
16289,38.14,3.92875
16293,38.15,3.92875
16298,38.16,3.92875
16302,38.17,3.92875
16306,38.18,3.92875
16311,38.19,3.92875
16315,38.2,3.92875
16320,38.21,3.9275
16324,38.22,3.9275
16328,38.23,3.9275
16333,38.24,3.9275
16337,38.25,3.9275
16342,38.26,3.9275
16346,38.27,3.9275
16351,38.28,3.9275
16355,38.29,3.9275
16359,38.3,3.9275
16364,38.31,3.9275
16368,38.32,3.92625
16373,38.33,3.92625
16377,38.34,3.92625
16382,38.35,3.92625
16386,38.36,3.92625
16390,38.37,3.92625
16395,38.38,3.92625
16399,38.39,3.92625
16404,38.4,3.92625
16408,38.41,3.92625
16412,38.42,3.92625
16417,38.43,3.925625
16421,38.44,3.92625
16426,38.45,3.925625
16430,38.46,3.925
16435,38.47,3.925
16439,38.48,3.925
16443,38.49,3.925
16448,38.5,3.925
16452,38.51,3.925
16457,38.52,3.925
16461,38.53,3.925
16465,38.54,3.925
16470,38.55,3.925
16474,38.56,3.925
16478,38.57,3.924375
16483,38.58,3.924375
16487,38.59,3.92375
16492,38.6,3.92375
16496,38.61,3.92375
16501,38.62,3.92375
16505,38.63,3.92375
16509,38.64,3.92375
16514,38.65,3.92375
16518,38.66,3.9231249999999998
16523,38.67,3.9225
16527,38.68,3.9225
16532,38.69,3.9225
16536,38.7,3.9225
16540,38.71,3.9225
16545,38.72,3.9225
16549,38.73,3.9225
16554,38.74,3.9225
16558,38.75,3.9225
16563,38.76,3.9225
16567,38.77,3.9225
16571,38.78,3.9225
16576,38.79,3.9225
16580,38.8,3.9225
16585,38.81,3.9225
16589,38.82,3.921875
16594,38.83,3.921875
16598,38.84,3.9225
16602,38.85,3.92125
16607,38.86,3.92125
16611,38.87,3.92125
16616,38.88,3.92125
16620,38.89,3.92125
16624,38.9,3.92125
16629,38.91,3.92125
16633,38.92,3.92125
16638,38.93,3.92125
16642,38.94,3.92125
16646,38.95,3.92125
16651,38.96,3.92125
16655,38.97,3.92125
16660,38.98,3.9206250000000002
16664,38.99,3.9206250000000002
16669,39.0,3.9206250000000002
16673,39.01,3.92
16677,39.02,3.92
16682,39.03,3.92
16686,39.04,3.92
16691,39.05,3.92
16695,39.06,3.92
16700,39.07,3.92
16704,39.08,3.92
16708,39.09,3.92
16713,39.1,3.91875
16717,39.11,3.919375
16722,39.12,3.91875
16726,39.13,3.91875
16731,39.14,3.91875
16735,39.15,3.91875
16739,39.16,3.91875
16744,39.17,3.91875
16748,39.18,3.91875
16753,39.19,3.91875
16757,39.2,3.91875
16761,39.21,3.918125
16766,39.22,3.9175
16770,39.23,3.918125
16775,39.24,3.9175
16779,39.25,3.9175
16784,39.26,3.9175
16788,39.27,3.9175
16792,39.28,3.9175
16797,39.29,3.9175
16801,39.3,3.9175
16806,39.31,3.9175
16810,39.32,3.9175
16815,39.33,3.9175
16819,39.34,3.9175
16823,39.35,3.9175
16828,39.36,3.9175
16832,39.37,3.9175
16837,39.38,3.91625
16841,39.39,3.9175
16845,39.4,3.9175
16850,39.41,3.91625
16854,39.42,3.91625
16859,39.43,3.91625
16863,39.44,3.916875
16868,39.45,3.91625
16872,39.46,3.91625
16876,39.47,3.91625
16881,39.48,3.91625
16885,39.49,3.91625
16890,39.5,3.91625
16894,39.51,3.91625
16898,39.52,3.91625
16903,39.53,3.91625
16907,39.54,3.915
16912,39.55,3.915
16916,39.56,3.915625
16921,39.57,3.915
16925,39.58,3.915
16930,39.59,3.915
16934,39.6,3.915
16938,39.61,3.915
16943,39.62,3.915
16947,39.63,3.915
16952,39.64,3.915
16956,39.65,3.915
16961,39.66,3.91375
16965,39.67,3.91375
16970,39.68,3.91375
16974,39.69,3.91375
16978,39.7,3.91375
16983,39.71,3.91375
16987,39.72,3.91375
16992,39.73,3.91375
16996,39.74,3.91375
17000,39.75,3.91375
17005,39.76,3.91375
17009,39.77,3.91375
17014,39.78,3.91375
17018,39.79,3.91375
17023,39.8,3.91375
17027,39.81,3.91375
17031,39.82,3.91375
17036,39.83,3.913125
17040,39.84,3.91375
17045,39.85,3.9125
17049,39.86,3.913125
17053,39.87,3.9125
17058,39.88,3.9125
17062,39.89,3.9125
17067,39.9,3.9125
17071,39.91,3.9125
17076,39.92,3.9125
17080,39.93,3.9125
17085,39.94,3.9125
17089,39.95,3.9125
17093,39.96,3.9125
17098,39.97,3.9125
17102,39.98,3.9125
17107,39.99,3.9125
17111,40.0,3.9125
17115,40.01,3.9125
17120,40.02,3.9125
17124,40.03,3.9125
17129,40.04,3.91125
17133,40.05,3.91125
17138,40.06,3.91125
17142,40.07,3.91125
17147,40.08,3.91125
17151,40.09,3.91125
17155,40.1,3.91125
17160,40.11,3.91125
17164,40.12,3.91125
17169,40.13,3.91125
17173,40.14,3.910625
17178,40.15,3.910625
17182,40.16,3.91
17187,40.17,3.91
17191,40.18,3.91
17195,40.19,3.91
17200,40.2,3.91
17204,40.21,3.91
17209,40.22,3.91
17213,40.23,3.91
17218,40.24,3.91
17222,40.25,3.91
17226,40.26,3.91
17231,40.27,3.91
17235,40.28,3.91
17240,40.29,3.91
17244,40.3,3.91
17248,40.31,3.91
17253,40.32,3.909375
17257,40.33,3.90875
17262,40.34,3.90875
17266,40.35,3.90875
17270,40.36,3.90875
17275,40.37,3.90875
17279,40.38,3.90875
17284,40.39,3.90875
17288,40.4,3.90875
17293,40.41,3.90875
17297,40.42,3.90875
17301,40.43,3.90875
17306,40.44,3.90875
17310,40.45,3.90875
17315,40.46,3.90875
17319,40.47,3.908125
17324,40.48,3.9075
17328,40.49,3.9075
17332,40.5,3.908125
17337,40.51,3.9075
17341,40.52,3.9075
17346,40.53,3.9075
17350,40.54,3.9075
17355,40.55,3.9075
17359,40.56,3.9075
17364,40.57,3.9075
17368,40.58,3.9075
17372,40.59,3.9075
17377,40.6,3.9075
17381,40.61,3.9075
17386,40.62,3.9075
17390,40.63,3.9075
17395,40.64,3.90625
17399,40.65,3.90625
17403,40.66,3.90625
17408,40.67,3.90625
17412,40.68,3.90625
17417,40.69,3.90625
17421,40.7,3.90625
17426,40.71,3.90625
17430,40.72,3.90625
17434,40.73,3.90625
17439,40.74,3.90625
17443,40.75,3.90625
17448,40.76,3.90625
17452,40.77,3.90625
17457,40.78,3.90625
17461,40.79,3.9056249999999997
17466,40.8,3.905
17470,40.81,3.905
17474,40.82,3.905
17479,40.83,3.905
17483,40.84,3.905
17488,40.85,3.905
17492,40.86,3.905
17497,40.87,3.905
17501,40.88,3.905
17505,40.89,3.905
17510,40.9,3.905
17514,40.91,3.905
17519,40.92,3.905
17523,40.93,3.905
17528,40.94,3.905
17532,40.95,3.904375
17536,40.96,3.90375
17541,40.97,3.904375
17545,40.98,3.904375
17550,40.99,3.90375
17554,41.0,3.90375
17558,41.01,3.90375
17563,41.02,3.90375
17567,41.03,3.90375
17572,41.04,3.90375
17576,41.05,3.90375
17580,41.06,3.90375
17585,41.07,3.90375
17589,41.08,3.90375
17594,41.09,3.90375
17598,41.1,3.90375
17603,41.11,3.90375
17607,41.12,3.90375
17611,41.13,3.903125
17616,41.14,3.903125
17620,41.15,3.9025
17625,41.16,3.9025
17629,41.17,3.9025
17634,41.18,3.9025
17638,41.19,3.9025
17643,41.2,3.9025
17647,41.21,3.9025
17651,41.22,3.9025
17656,41.23,3.9025
17660,41.24,3.9025
17665,41.25,3.9025
17669,41.26,3.9025
17674,41.27,3.901875
17678,41.28,3.90125
17682,41.29,3.90125
17687,41.3,3.90125
17691,41.31,3.901875
17696,41.32,3.90125
17700,41.33,3.90125
17705,41.34,3.90125
17709,41.35,3.90125
17714,41.36,3.90125
17718,41.37,3.90125
17722,41.38,3.90125
17727,41.39,3.90125
17731,41.4,3.90125
17736,41.41,3.90125
17740,41.42,3.90125
17745,41.43,3.90125
17749,41.44,3.90125
17754,41.45,3.900625
17758,41.46,3.900625
17762,41.47,3.9
17767,41.48,3.9
17771,41.49,3.9
17776,41.5,3.9
17780,41.51,3.9
17785,41.52,3.9
17789,41.53,3.9
17794,41.54,3.9
17798,41.55,3.9
17802,41.56,3.9
17807,41.57,3.9
17811,41.58,3.9
17816,41.59,3.9
17820,41.6,3.9
17825,41.61,3.899375
17829,41.62,3.89875
17834,41.63,3.89875
17838,41.64,3.89875
17842,41.65,3.89875
17847,41.66,3.89875
17851,41.67,3.89875
17856,41.68,3.89875
17860,41.69,3.89875
17864,41.7,3.89875
17869,41.71,3.89875
17873,41.72,3.89875
17878,41.73,3.89875
17882,41.74,3.89875
17886,41.75,3.8975
17891,41.76,3.8981250000000003
17895,41.77,3.8975
17900,41.78,3.8975
17904,41.79,3.8975
17909,41.8,3.8975
17913,41.81,3.8975
17917,41.82,3.8975
17922,41.83,3.8975
17926,41.84,3.8975
17931,41.85,3.8975
17935,41.86,3.8975
17940,41.87,3.8975
17944,41.88,3.89625
17949,41.89,3.89625
17953,41.9,3.896875
17957,41.91,3.89625
17962,41.92,3.89625
17966,41.93,3.89625
17971,41.94,3.89625
17975,41.95,3.89625
17980,41.96,3.89625
17984,41.97,3.89625
17989,41.98,3.89625
17993,41.99,3.89625
17998,42.0,3.89625
18002,42.01,3.89625
18006,42.02,3.89625
18011,42.03,3.89625
18015,42.04,3.89625
18020,42.05,3.89625
18024,42.06,3.89625
18028,42.07,3.89625
18033,42.08,3.89625
18037,42.09,3.89625
18042,42.1,3.895625
18046,42.11,3.895625
18051,42.12,3.895
18055,42.13,3.895
18059,42.14,3.895
18064,42.15,3.895
18068,42.16,3.895
18073,42.17,3.895
18077,42.18,3.895
18082,42.19,3.895
18086,42.2,3.895
18091,42.21,3.894375
18095,42.22,3.895
18100,42.23,3.894375
18104,42.24,3.89375
18109,42.25,3.894375
18113,42.26,3.89375
18117,42.27,3.89375
18122,42.28,3.89375
18126,42.29,3.89375
18131,42.3,3.89375
18135,42.31,3.89375
18140,42.32,3.89375
18144,42.33,3.89375
18148,42.34,3.89375
18153,42.35,3.89375
18157,42.36,3.89375
18162,42.37,3.89375
18166,42.38,3.89375
18171,42.39,3.893125
18175,42.4,3.893125
18179,42.41,3.8925
18184,42.42,3.8925
18188,42.43,3.8925
18193,42.44,3.8925
18197,42.45,3.8925
18201,42.46,3.8925
18206,42.47,3.8925
18210,42.48,3.8925
18215,42.49,3.8925
18219,42.5,3.8925
18224,42.51,3.8925
18228,42.52,3.8925
18232,42.53,3.8925
18237,42.54,3.8925
18241,42.55,3.8918749999999998
18246,42.56,3.8918749999999998
18250,42.57,3.8918749999999998
18255,42.58,3.89125
18259,42.59,3.89125
18264,42.6,3.89125
18268,42.61,3.89125
18272,42.62,3.89125
18277,42.63,3.89125
18281,42.64,3.89125
18286,42.65,3.89125
18290,42.66,3.89125
18295,42.67,3.89125
18299,42.68,3.89125
18304,42.69,3.89125
18308,42.7,3.89125
18312,42.71,3.89125
18317,42.72,3.89125
18321,42.73,3.89125
18326,42.74,3.89125
18330,42.75,3.89125
18335,42.76,3.890625
18339,42.77,3.89
18344,42.78,3.89
18348,42.79,3.89
18353,42.8,3.89
18357,42.81,3.89
18361,42.82,3.89
18366,42.83,3.89
18370,42.84,3.89
18375,42.85,3.89
18379,42.86,3.89
18384,42.87,3.88875
18388,42.88,3.8893750000000002
18393,42.89,3.88875
18397,42.9,3.88875
18402,42.91,3.88875
18406,42.92,3.88875
18411,42.93,3.88875
18415,42.94,3.88875
18419,42.95,3.88875
18424,42.96,3.88875
18428,42.97,3.88875
18433,42.98,3.88875
18437,42.99,3.88875
18441,43.0,3.88875
18446,43.01,3.88875
18450,43.02,3.88875
18455,43.03,3.88875
18459,43.04,3.888125
18464,43.05,3.88875
18468,43.06,3.8875
18472,43.07,3.888125
18477,43.08,3.8875
18481,43.09,3.8875
18486,43.1,3.8875
18490,43.11,3.8875
18495,43.12,3.8875
18499,43.13,3.8875
18503,43.14,3.8875
18508,43.15,3.8875
18512,43.16,3.8875
18517,43.17,3.8875
18521,43.18,3.8875
18526,43.19,3.8875
18530,43.2,3.886875
18534,43.21,3.886875
18539,43.22,3.88625
18543,43.23,3.88625
18548,43.24,3.88625
18552,43.25,3.88625
18557,43.26,3.88625
18561,43.27,3.88625
18566,43.28,3.88625
18570,43.29,3.88625
18574,43.3,3.88625
18579,43.31,3.88625
18583,43.32,3.88625
18588,43.33,3.88625
18592,43.34,3.88625
18597,43.35,3.88625
18601,43.36,3.88625
18606,43.37,3.88625
18610,43.38,3.88625
18615,43.39,3.885
18619,43.4,3.885625
18623,43.41,3.885
18628,43.42,3.885
18632,43.43,3.885
18637,43.44,3.885
18641,43.45,3.885
18646,43.46,3.885
18650,43.47,3.885
18655,43.48,3.885
18659,43.49,3.885
18663,43.5,3.884375
18668,43.51,3.884375
18672,43.52,3.885
18677,43.53,3.884375
18681,43.54,3.88375
18686,43.55,3.88375
18690,43.56,3.88375
18695,43.57,3.88375
18699,43.58,3.88375
18704,43.59,3.88375
18708,43.6,3.88375
18713,43.61,3.88375
18717,43.62,3.88375
18722,43.63,3.88375
18726,43.64,3.88375
18730,43.65,3.8831249999999997
18735,43.66,3.8831249999999997
18739,43.67,3.8825
18744,43.68,3.8825
18748,43.69,3.8831249999999997
18753,43.7,3.8825
18757,43.71,3.8825
18762,43.72,3.8825
18766,43.73,3.8825
18770,43.74,3.8825
18775,43.75,3.8825
18779,43.76,3.8825
18784,43.77,3.8825
18788,43.78,3.8825
18792,43.79,3.8825
18797,43.8,3.8825
18801,43.81,3.8825
18806,43.82,3.8825
18810,43.83,3.8825
18815,43.84,3.8825
18819,43.85,3.88125
18824,43.86,3.88125
18828,43.87,3.88125
18833,43.88,3.88125
18837,43.89,3.88125
18841,43.9,3.88125
18846,43.91,3.88125
18850,43.92,3.88125
18855,43.93,3.88125
18859,43.94,3.88125
18864,43.95,3.88125
18868,43.96,3.88125
18873,43.97,3.88125
18877,43.98,3.88125
18882,43.99,3.880625
18886,44.0,3.88
18890,44.01,3.88
18895,44.02,3.88
18899,44.03,3.88
18904,44.04,3.88
18908,44.05,3.88
18913,44.06,3.88
18917,44.07,3.88
18922,44.08,3.88
18926,44.09,3.88
18931,44.1,3.88
18935,44.11,3.88
18940,44.12,3.88
18944,44.13,3.88
18949,44.14,3.88
18953,44.15,3.879375
18957,44.16,3.879375
18962,44.17,3.87875
18966,44.18,3.87875
18971,44.19,3.87875
18975,44.2,3.87875
18980,44.21,3.87875
18984,44.22,3.87875
18989,44.23,3.87875
18993,44.24,3.87875
18998,44.25,3.87875
19002,44.26,3.87875
19007,44.27,3.87875
19011,44.28,3.87875
19016,44.29,3.8775
19020,44.3,3.878125
19025,44.31,3.878125
19029,44.32,3.878125
19033,44.33,3.878125
19038,44.34,3.878125
19042,44.35,3.8775
19047,44.36,3.8775
19051,44.37,3.8775
19056,44.38,3.8775
19060,44.39,3.8775
19064,44.4,3.8775
19069,44.41,3.8775
19073,44.42,3.8775
19078,44.43,3.8775
19082,44.44,3.8775
19087,44.45,3.8775
19091,44.46,3.8775
19096,44.47,3.87625
19100,44.48,3.876875
19105,44.49,3.87625
19109,44.5,3.87625
19113,44.51,3.87625
19118,44.52,3.87625
19122,44.53,3.87625
19127,44.54,3.87625
19131,44.55,3.87625
19136,44.56,3.87625
19140,44.57,3.87625
19144,44.58,3.87625
19149,44.59,3.87625
19153,44.6,3.87625
19158,44.61,3.87625
19162,44.62,3.87625
19167,44.63,3.8756250000000003
19171,44.64,3.8756250000000003
19176,44.65,3.875
19180,44.66,3.875
19184,44.67,3.875
19189,44.68,3.875
19193,44.69,3.875
19198,44.7,3.875
19202,44.71,3.875
19207,44.72,3.875
19211,44.73,3.875
19216,44.74,3.875
19220,44.75,3.875
19225,44.76,3.875
19229,44.77,3.875
19234,44.78,3.875
19238,44.79,3.87375
19243,44.8,3.87375
19247,44.81,3.87375
19252,44.82,3.87375
19256,44.83,3.87375
19260,44.84,3.87375
19265,44.85,3.87375
19269,44.86,3.87375
19274,44.87,3.87375
19278,44.88,3.87375
19283,44.89,3.87375
19287,44.9,3.87375
19292,44.91,3.87375
19296,44.92,3.87375
19300,44.93,3.87375
19305,44.94,3.87375
19309,44.95,3.87375
19314,44.96,3.873125
19318,44.97,3.8725
19323,44.98,3.8725
19327,44.99,3.8725
19332,45.0,3.8725
19336,45.01,3.8725
19341,45.02,3.8725
19345,45.03,3.8725
19350,45.04,3.8725
19354,45.05,3.8725
19359,45.06,3.8725
19363,45.07,3.8725
19367,45.08,3.8725
19372,45.09,3.8725
19376,45.1,3.8725
19381,45.11,3.8725
19385,45.12,3.87125
19390,45.13,3.87125
19394,45.14,3.87125
19399,45.15,3.87125
19403,45.16,3.87125
19408,45.17,3.87125
19412,45.18,3.87125
19417,45.19,3.87125
19421,45.2,3.87125
19425,45.21,3.87125
19430,45.22,3.87125
19434,45.23,3.87125
19439,45.24,3.87
19443,45.25,3.87125
19448,45.26,3.870625
19452,45.27,3.870625
19457,45.28,3.87
19461,45.29,3.87
19466,45.3,3.87
19470,45.31,3.87
19474,45.32,3.87
19479,45.33,3.87
19483,45.34,3.87
19488,45.35,3.87
19492,45.36,3.87
19497,45.37,3.87
19501,45.38,3.87
19506,45.39,3.87
19510,45.4,3.87
19515,45.41,3.87
19519,45.42,3.869375
19523,45.43,3.86875
19528,45.44,3.86875
19532,45.45,3.86875
19537,45.46,3.86875
19541,45.47,3.86875
19546,45.48,3.86875
19550,45.49,3.86875
19555,45.5,3.86875
19559,45.51,3.86875
19564,45.52,3.86875
19568,45.53,3.86875
19573,45.54,3.86875
19577,45.55,3.86875
19582,45.56,3.868125
19586,45.57,3.868125
19591,45.58,3.868125
19595,45.59,3.868125
19600,45.6,3.8675
19604,45.61,3.8675
19609,45.62,3.8675
19613,45.63,3.8675
19617,45.64,3.8675
19622,45.65,3.8675
19626,45.66,3.8675
19631,45.67,3.8675
19635,45.68,3.8675
19640,45.69,3.8675
19644,45.7,3.8675
19649,45.71,3.8675
19653,45.72,3.8675
19658,45.73,3.8675
19662,45.74,3.8675
19667,45.75,3.8668750000000003
19671,45.76,3.86625
19676,45.77,3.86625
19680,45.78,3.86625
19685,45.79,3.86625
19689,45.8,3.86625
19693,45.81,3.86625
19698,45.82,3.86625
19702,45.83,3.86625
19707,45.84,3.86625
19711,45.85,3.86625
19716,45.86,3.86625
19720,45.87,3.86625
19725,45.88,3.86625
19729,45.89,3.86625
19733,45.9,3.86625
19738,45.91,3.865
19742,45.92,3.865625
19747,45.93,3.865625
19751,45.94,3.865
19756,45.95,3.865
19760,45.96,3.865
19765,45.97,3.865
19769,45.98,3.865
19774,45.99,3.865
19778,46.0,3.865
19783,46.01,3.865
19787,46.02,3.865
19792,46.03,3.865
19796,46.04,3.865
19801,46.05,3.86375
19805,46.06,3.86375
19810,46.07,3.86375
19814,46.08,3.86375
19818,46.09,3.86375
19823,46.1,3.86375
19827,46.11,3.86375
19832,46.12,3.86375
19836,46.13,3.86375
19841,46.14,3.86375
19845,46.15,3.86375
19850,46.16,3.86375
19854,46.17,3.86375
19859,46.18,3.86375
19863,46.19,3.86375
19868,46.2,3.86375
19872,46.21,3.86375
19877,46.22,3.86375
19881,46.23,3.863125
19886,46.24,3.863125
19890,46.25,3.8625
19895,46.26,3.8625
19899,46.27,3.8625
19904,46.28,3.8625
19908,46.29,3.8625
19913,46.3,3.8625
19917,46.31,3.8625
19921,46.32,3.8625
19926,46.33,3.8625
19930,46.34,3.8625
19935,46.35,3.8625
19939,46.36,3.861875
19944,46.37,3.86125
19948,46.38,3.86125
19953,46.39,3.86125
19957,46.4,3.86125
19962,46.41,3.86125
19966,46.42,3.86125
19971,46.43,3.86125
19975,46.44,3.86125
19980,46.45,3.86125
19984,46.46,3.86125
19989,46.47,3.86125
19993,46.48,3.86125
19998,46.49,3.86125
20002,46.5,3.86125
20007,46.51,3.86125
20011,46.52,3.86125
20016,46.53,3.8606249999999998
20020,46.54,3.86
20025,46.55,3.86
20029,46.56,3.8606249999999998
20034,46.57,3.8606249999999998
20038,46.58,3.86
20042,46.59,3.86
20047,46.6,3.86
20051,46.61,3.86
20056,46.62,3.86
20060,46.63,3.86
20065,46.64,3.86
20069,46.65,3.86
20074,46.66,3.86
20078,46.67,3.86
20083,46.68,3.859375
20087,46.69,3.859375
20092,46.7,3.85875
20096,46.71,3.85875
20101,46.72,3.85875
20105,46.73,3.85875
20110,46.74,3.85875
20114,46.75,3.85875
20119,46.76,3.85875
20123,46.77,3.85875
20128,46.78,3.85875
20132,46.79,3.85875
20137,46.8,3.85875
20141,46.81,3.85875
20146,46.82,3.85875
20150,46.83,3.85875
20154,46.84,3.85875
20159,46.85,3.85875
20163,46.86,3.8581250000000002
20168,46.87,3.85875
20172,46.88,3.8581250000000002
20177,46.89,3.8575
20181,46.9,3.8575
20186,46.91,3.8575
20190,46.92,3.8575
20195,46.93,3.8575
20199,46.94,3.8575
20204,46.95,3.8575
20208,46.96,3.8575
20213,46.97,3.8575
20217,46.98,3.8575
20222,46.99,3.8575
20226,47.0,3.8575
20231,47.01,3.856875
20235,47.02,3.8575
20240,47.03,3.8575
20244,47.04,3.856875
20249,47.05,3.85625
20253,47.06,3.85625
20257,47.07,3.85625
20262,47.08,3.85625
20266,47.09,3.85625
20271,47.1,3.85625
20275,47.11,3.85625
20280,47.12,3.85625
20284,47.13,3.85625
20289,47.14,3.85625
20293,47.15,3.85625
20298,47.16,3.85625
20302,47.17,3.855625
20307,47.18,3.85625
20311,47.19,3.855625
20315,47.2,3.855625
20320,47.21,3.855
20324,47.22,3.855
20329,47.23,3.855
20333,47.24,3.855
20338,47.25,3.855
20342,47.26,3.855
20347,47.27,3.855
20351,47.28,3.855
20356,47.29,3.855
20360,47.3,3.855
20365,47.31,3.855
20369,47.32,3.855
20374,47.33,3.854375
20378,47.34,3.855
20383,47.35,3.855
20387,47.36,3.854375
20392,47.37,3.855
20396,47.38,3.854375
20400,47.39,3.85375
20405,47.4,3.85375
20409,47.41,3.85375
20414,47.42,3.85375
20418,47.43,3.85375
20423,47.44,3.85375
20427,47.45,3.85375
20432,47.46,3.85375
20436,47.47,3.85375
20441,47.48,3.85375
20445,47.49,3.85375
20450,47.5,3.85375
20454,47.51,3.85375
20459,47.52,3.853125
20463,47.53,3.8525
20468,47.54,3.8525
20472,47.55,3.8525
20477,47.56,3.8525
20481,47.57,3.8525
20486,47.58,3.8525
20490,47.59,3.8525
20495,47.6,3.8525
20499,47.61,3.8525
20504,47.62,3.8525
20508,47.63,3.8525
20513,47.64,3.8525
20517,47.65,3.8525
20522,47.66,3.8525
20526,47.67,3.8525
20531,47.68,3.8518749999999997
20535,47.69,3.85125
20540,47.7,3.85125
20544,47.71,3.85125
20549,47.72,3.85125
20553,47.73,3.85125
20558,47.74,3.85125
20562,47.75,3.85125
20567,47.76,3.85125
20571,47.77,3.85125
20576,47.78,3.85125
20580,47.79,3.85125
20585,47.8,3.85125
20589,47.81,3.850625
20594,47.82,3.850625
20598,47.83,3.85
20603,47.84,3.850625
20607,47.85,3.85125
20612,47.86,3.850625
20616,47.87,3.85
20621,47.88,3.850625
20625,47.89,3.85
20630,47.9,3.85
20634,47.91,3.85
20639,47.92,3.85
20643,47.93,3.85
20648,47.94,3.85
20652,47.95,3.85
20657,47.96,3.85
20661,47.97,3.85
20666,47.98,3.85
20670,47.99,3.85
20675,48.0,3.85
20679,48.01,3.85
20684,48.02,3.84875
20688,48.03,3.84875
20692,48.04,3.84875
20697,48.05,3.84875
20701,48.06,3.84875
20706,48.07,3.84875
20710,48.08,3.84875
20715,48.09,3.84875
20719,48.1,3.84875
20724,48.11,3.84875
20728,48.12,3.84875
20733,48.13,3.84875
20737,48.14,3.84875
20742,48.15,3.84875
20746,48.16,3.84875
20751,48.17,3.8475
20755,48.18,3.848125
20760,48.19,3.8475
20764,48.2,3.848125
20769,48.21,3.8475
20773,48.22,3.8475
20778,48.23,3.8475
20782,48.24,3.8475
20787,48.25,3.8475
20791,48.26,3.8475
20796,48.27,3.8475
20800,48.28,3.8475
20805,48.29,3.8475
20809,48.3,3.8475
20814,48.31,3.8475
20818,48.32,3.8475
20822,48.33,3.8475
20827,48.34,3.8475
20831,48.35,3.8475
20836,48.36,3.84625
20840,48.37,3.84625
20845,48.38,3.84625
20849,48.39,3.8475
20854,48.4,3.846875
20858,48.41,3.846875
20863,48.42,3.84625
20867,48.43,3.84625
20872,48.44,3.84625
20876,48.45,3.84625
20881,48.46,3.84625
20885,48.47,3.84625
20890,48.48,3.84625
20894,48.49,3.84625
20899,48.5,3.84625
20903,48.51,3.845625
20908,48.52,3.84625
20912,48.53,3.845
20917,48.54,3.845
20921,48.55,3.845
20926,48.56,3.845
20930,48.57,3.845
20935,48.58,3.845
20939,48.59,3.845
20944,48.6,3.845
20948,48.61,3.845
20953,48.62,3.845
20957,48.63,3.845
20962,48.64,3.845
20966,48.65,3.845
20970,48.66,3.845
20975,48.67,3.845
20979,48.68,3.845
20984,48.69,3.845
20988,48.7,3.8443750000000003
20993,48.71,3.84375
20997,48.72,3.84375
21002,48.73,3.84375
21006,48.74,3.84375
21011,48.75,3.84375
21015,48.76,3.84375
21020,48.77,3.84375
21024,48.78,3.84375
21029,48.79,3.84375
21033,48.8,3.84375
21038,48.81,3.84375
21042,48.82,3.84375
21047,48.83,3.84375
21051,48.84,3.84375
21056,48.85,3.8431249999999997
21060,48.86,3.84375
21065,48.87,3.84375
21069,48.88,3.84375
21074,48.89,3.8431249999999997
21078,48.9,3.8431249999999997
21083,48.91,3.8425
21087,48.92,3.8425
21092,48.93,3.8425
21096,48.94,3.8425
21101,48.95,3.8425
21105,48.96,3.8425
21110,48.97,3.8425
21114,48.98,3.8425
21119,48.99,3.8425
21123,49.0,3.8425
21128,49.01,3.8425
21132,49.02,3.8425
21137,49.03,3.84125
21141,49.04,3.8425
21146,49.05,3.841875
21150,49.06,3.84125
21155,49.07,3.84125
21159,49.08,3.84125
21164,49.09,3.84125
21168,49.1,3.84125
21173,49.11,3.84125
21177,49.12,3.84125
21182,49.13,3.84125
21186,49.14,3.84125
21191,49.15,3.84125
21195,49.16,3.840625
21200,49.17,3.840625
21204,49.18,3.84125
21208,49.19,3.84125
21213,49.2,3.84125
21217,49.21,3.84
21222,49.22,3.84
21226,49.23,3.84
21231,49.24,3.84
21235,49.25,3.84
21240,49.26,3.84
21244,49.27,3.84
21249,49.28,3.84
21253,49.29,3.84
21258,49.3,3.84
21262,49.31,3.84
21267,49.32,3.84
21271,49.33,3.84
21276,49.34,3.84
21280,49.35,3.84
21285,49.36,3.839375
21289,49.37,3.839375
21294,49.38,3.83875
21298,49.39,3.839375
21303,49.4,3.839375
21307,49.41,3.83875
21312,49.42,3.83875
21316,49.43,3.83875
21320,49.44,3.83875
21325,49.45,3.83875
21329,49.46,3.83875
21334,49.47,3.83875
21338,49.48,3.83875
21343,49.49,3.83875
21347,49.5,3.83875
21352,49.51,3.83875
21356,49.52,3.83875
21361,49.53,3.83875
21365,49.54,3.83875
21370,49.55,3.83875
21374,49.56,3.83875
21379,49.57,3.83875
21383,49.58,3.83875
21388,49.59,3.8375
21392,49.6,3.838125
21397,49.61,3.8375
21401,49.62,3.8375
21406,49.63,3.8375
21410,49.64,3.8375
21415,49.65,3.8375
21419,49.66,3.8375
21424,49.67,3.8375
21428,49.68,3.8375
21433,49.69,3.8375
21437,49.7,3.8375
21442,49.71,3.8375
21446,49.72,3.8375
21451,49.73,3.836875
21455,49.74,3.83625
21460,49.75,3.83625
21464,49.76,3.83625
21469,49.77,3.83625
21473,49.78,3.83625
21478,49.79,3.83625
21482,49.8,3.83625
21487,49.81,3.83625
21491,49.82,3.83625
21496,49.83,3.83625
21500,49.84,3.83625
21505,49.85,3.83625
21509,49.86,3.83625
21514,49.87,3.835
21518,49.88,3.8356250000000003
21523,49.89,3.835
21527,49.9,3.835
21532,49.91,3.835
21536,49.92,3.835
21541,49.93,3.835
21545,49.94,3.835
21550,49.95,3.835
21554,49.96,3.835
21559,49.97,3.835
21563,49.98,3.835
21568,49.99,3.835
21572,50.0,3.835
21577,50.01,3.835
21581,50.02,3.835
21586,50.03,3.835
21590,50.04,3.835
21595,50.05,3.835
21599,50.06,3.835
21604,50.07,3.835
21608,50.08,3.835
21613,50.09,3.835
21617,50.1,3.834375
21622,50.11,3.834375
21626,50.12,3.834375
21631,50.13,3.83375
21635,50.14,3.83375
21640,50.15,3.83375
21644,50.16,3.83375
21649,50.17,3.83375
21653,50.18,3.83375
21658,50.19,3.83375
21662,50.2,3.83375
21667,50.21,3.83375
21671,50.22,3.83375
21676,50.23,3.83375
21680,50.24,3.83375
21685,50.25,3.83375
21689,50.26,3.8325
21694,50.27,3.833125
21698,50.28,3.8325
21703,50.29,3.8325
21707,50.3,3.8325
21712,50.31,3.8325
21716,50.32,3.8325
21721,50.33,3.8325
21725,50.34,3.8325
21730,50.35,3.8325
21734,50.36,3.8325
21739,50.37,3.8325
21743,50.38,3.8325
21748,50.39,3.8325
21752,50.4,3.8325
21757,50.41,3.8325
21761,50.42,3.8325
21766,50.43,3.831875
21770,50.44,3.831875
21775,50.45,3.83125
21779,50.46,3.83125
21784,50.47,3.83125
21788,50.48,3.83125
21793,50.49,3.83125
21797,50.5,3.83125
21802,50.51,3.83125
21806,50.52,3.83125
21811,50.53,3.83125
21815,50.54,3.83125
21820,50.55,3.83125
21824,50.56,3.83125
21829,50.57,3.83125
21833,50.58,3.83125
21838,50.59,3.83125
21842,50.6,3.83
21847,50.61,3.83
21851,50.62,3.83
21856,50.63,3.83
21860,50.64,3.83
21865,50.65,3.83
21870,50.66,3.83
21874,50.67,3.83
21878,50.68,3.83
21883,50.69,3.83
21887,50.7,3.83
21892,50.71,3.83
21896,50.72,3.83
21901,50.73,3.83
21905,50.74,3.83
21910,50.75,3.83
21914,50.76,3.83
21919,50.77,3.83
21923,50.78,3.83
21928,50.79,3.83
21932,50.8,3.83
21936,50.81,3.8293749999999998
21941,50.82,3.8293749999999998
21945,50.83,3.82875
21950,50.84,3.82875
21954,50.85,3.82875
21959,50.86,3.82875
21964,50.87,3.82875
21968,50.88,3.82875
21973,50.89,3.82875
21977,50.9,3.82875
21982,50.91,3.82875
21986,50.92,3.82875
21991,50.93,3.8275
21995,50.94,3.828125
22000,50.95,3.8275
22004,50.96,3.8275
22009,50.97,3.8275
22013,50.98,3.8275
22018,50.99,3.8275
22022,51.0,3.8275
22027,51.01,3.8275
22031,51.02,3.8275
22036,51.03,3.8275
22040,51.04,3.8275
22045,51.05,3.8275
22049,51.06,3.8275
22054,51.07,3.8275
22058,51.08,3.8275
22063,51.09,3.8275
22067,51.1,3.8275
22072,51.11,3.8275
22076,51.12,3.8275
22081,51.13,3.82625
22085,51.14,3.82625
22090,51.15,3.82625
22094,51.16,3.82625
22099,51.17,3.82625
22103,51.18,3.82625
22108,51.19,3.82625
22112,51.2,3.82625
22117,51.21,3.82625
22121,51.22,3.82625
22126,51.23,3.82625
22131,51.24,3.82625
22135,51.25,3.82625
22140,51.26,3.82625
22144,51.27,3.82625
22149,51.28,3.82625
22153,51.29,3.82625
22158,51.3,3.82625
22162,51.31,3.82625
22167,51.32,3.825625
22171,51.33,3.82625
22176,51.34,3.825625
22180,51.35,3.825625
22185,51.36,3.825625
22189,51.37,3.825
22194,51.38,3.825
22198,51.39,3.825
22203,51.4,3.825
22207,51.41,3.825
22212,51.42,3.824375
22216,51.43,3.825
22221,51.44,3.825
22225,51.45,3.824375
22230,51.46,3.825
22234,51.47,3.824375
22239,51.48,3.824375
22243,51.49,3.82375
22248,51.5,3.824375
22252,51.51,3.82375
22257,51.52,3.82375
22261,51.53,3.82375
22266,51.54,3.82375
22270,51.55,3.82375
22275,51.56,3.82375
22280,51.57,3.82375
22284,51.58,3.82375
22289,51.59,3.82375
22293,51.6,3.82375
22298,51.61,3.82375
22302,51.62,3.82375
22307,51.63,3.82375
22311,51.64,3.82375
22316,51.65,3.82375
22320,51.66,3.82375
22325,51.67,3.8225
22329,51.68,3.8225
22334,51.69,3.8225
22338,51.7,3.8225
22343,51.71,3.8225
22347,51.72,3.8225
22352,51.73,3.8225
22356,51.74,3.8225
22361,51.75,3.8225
22365,51.76,3.8225
22370,51.77,3.8225
22374,51.78,3.8225
22379,51.79,3.8225
22383,51.8,3.8225
22388,51.81,3.8225
22392,51.82,3.8225
22397,51.83,3.8225
22402,51.84,3.8225
22406,51.85,3.8225
22411,51.86,3.8225
22415,51.87,3.8225
22420,51.88,3.8225
22424,51.89,3.8225
22429,51.9,3.82125
22433,51.91,3.82125
22438,51.92,3.821875
22442,51.93,3.82125
22447,51.94,3.821875
22451,51.95,3.82125
22456,51.96,3.82125
22460,51.97,3.82125
22465,51.98,3.82125
22469,51.99,3.82125
22474,52.0,3.82125
22478,52.01,3.82125
22483,52.02,3.82125
22487,52.03,3.8206249999999997
22492,52.04,3.82125
22496,52.05,3.82125
22501,52.06,3.82
22506,52.07,3.82
22510,52.08,3.82
22515,52.09,3.82
22519,52.1,3.82
22524,52.11,3.82
22528,52.12,3.82
22533,52.13,3.82
22537,52.14,3.82
22542,52.15,3.82
22546,52.16,3.82
22551,52.17,3.82
22555,52.18,3.82
22560,52.19,3.82
22564,52.2,3.82
22569,52.21,3.82
22573,52.22,3.82
22578,52.23,3.82
22582,52.24,3.81875
22587,52.25,3.82
22591,52.26,3.81875
22596,52.27,3.81875
22600,52.28,3.81875
22605,52.29,3.81875
22609,52.3,3.81875
22614,52.31,3.81875
22618,52.32,3.81875
22623,52.33,3.81875
22627,52.34,3.81875
22632,52.35,3.81875
22636,52.36,3.81875
22641,52.37,3.81875
22645,52.38,3.81875
22650,52.39,3.81875
22654,52.4,3.81875
22659,52.41,3.81875
22663,52.42,3.818125
22668,52.43,3.818125
22672,52.44,3.8175
22677,52.45,3.8175
22681,52.46,3.8175
22686,52.47,3.8175
22690,52.48,3.8175
22695,52.49,3.8175
22699,52.5,3.8175
22704,52.51,3.8175
22708,52.52,3.8175
22713,52.53,3.8175
22717,52.54,3.8175
22721,52.55,3.8175
22726,52.56,3.8175
22730,52.57,3.8175
22735,52.58,3.8175
22739,52.59,3.8175
22744,52.6,3.8175
22748,52.61,3.8175
22753,52.62,3.816875
22757,52.63,3.816875
22762,52.64,3.816875
22766,52.65,3.816875
22771,52.66,3.81625
22775,52.67,3.81625
22780,52.68,3.81625
22784,52.69,3.81625
22789,52.7,3.81625
22793,52.71,3.81625
22798,52.72,3.81625
22802,52.73,3.81625
22807,52.74,3.81625
22811,52.75,3.81625
22816,52.76,3.81625
22820,52.77,3.81625
22825,52.78,3.81625
22829,52.79,3.815625
22834,52.8,3.815625
22838,52.81,3.815
22843,52.82,3.815
22847,52.83,3.815625
22852,52.84,3.815
22856,52.85,3.815
22861,52.86,3.815
22865,52.87,3.815
22870,52.88,3.815
22874,52.89,3.815
22879,52.9,3.815
22883,52.91,3.815
22887,52.92,3.815
22892,52.93,3.815
22896,52.94,3.815
22901,52.95,3.815
22905,52.96,3.815
22910,52.97,3.815
22914,52.98,3.815
22919,52.99,3.815
22923,53.0,3.815
22928,53.01,3.815
22932,53.02,3.814375
22937,53.03,3.814375
22941,53.04,3.81375
22946,53.05,3.81375
22950,53.06,3.81375
22955,53.07,3.81375
22959,53.08,3.81375
22963,53.09,3.81375
22968,53.1,3.81375
22972,53.11,3.81375
22977,53.12,3.81375
22981,53.13,3.81375
22986,53.14,3.81375
22990,53.15,3.81375
22995,53.16,3.81375
22999,53.17,3.81375
23004,53.18,3.8131250000000003
23008,53.19,3.81375
23013,53.2,3.8131250000000003
23017,53.21,3.8131250000000003
23022,53.22,3.8125
23026,53.23,3.8125
23031,53.24,3.8125
23035,53.25,3.8125
23040,53.26,3.8125
23044,53.27,3.8125
23049,53.28,3.8125
23053,53.29,3.8125
23058,53.3,3.8125
23062,53.31,3.8125
23067,53.32,3.81125
23072,53.33,3.81125
23076,53.34,3.8118749999999997
23081,53.35,3.81125
23085,53.36,3.81125
23090,53.37,3.8118749999999997
23094,53.38,3.81125
23099,53.39,3.81125
23103,53.4,3.81125
23108,53.41,3.81125
23112,53.42,3.81125
23117,53.43,3.81125
23121,53.44,3.81125
23126,53.45,3.81125
23130,53.46,3.81125
23135,53.47,3.81125
23140,53.48,3.81125
23144,53.49,3.81125
23149,53.5,3.810625
23153,53.51,3.81125
23158,53.52,3.810625
23162,53.53,3.810625
23167,53.54,3.81125
23171,53.55,3.81
23176,53.56,3.81
23180,53.57,3.81
23185,53.58,3.81
23189,53.59,3.81
23194,53.6,3.81
23199,53.61,3.81
23203,53.62,3.81
23208,53.63,3.81
23212,53.64,3.81
23217,53.65,3.81
23221,53.66,3.81
23226,53.67,3.81
23230,53.68,3.81
23235,53.69,3.81
23239,53.7,3.81
23244,53.71,3.81
23248,53.72,3.81
23253,53.73,3.809375
23257,53.74,3.81
23262,53.75,3.81
23266,53.76,3.81
23271,53.77,3.80875
23275,53.78,3.80875
23280,53.79,3.80875
23285,53.8,3.80875
23289,53.81,3.80875
23294,53.82,3.80875
23298,53.83,3.80875
23303,53.84,3.80875
23307,53.85,3.80875
23312,53.86,3.80875
23316,53.87,3.80875
23321,53.88,3.80875
23325,53.89,3.80875
23330,53.9,3.80875
23334,53.91,3.80875
23339,53.92,3.80875
23343,53.93,3.80875
23348,53.94,3.80875
23353,53.95,3.808125
23357,53.96,3.80875
23362,53.97,3.80875
23366,53.98,3.80875
23371,53.99,3.808125
23375,54.0,3.8075
23380,54.01,3.8075
23384,54.02,3.808125
23389,54.03,3.808125
23393,54.04,3.8075
23398,54.05,3.8075
23402,54.06,3.8075
23407,54.07,3.8075
23411,54.08,3.8075
23416,54.09,3.8075
23421,54.1,3.8075
23425,54.11,3.8075
23430,54.12,3.8075
23434,54.13,3.8075
23439,54.14,3.806875
23443,54.15,3.80625
23448,54.16,3.80625
23452,54.17,3.80625
23457,54.18,3.80625
23461,54.19,3.80625
23466,54.2,3.80625
23470,54.21,3.80625
23475,54.22,3.80625
23479,54.23,3.80625
23484,54.24,3.80625
23488,54.25,3.80625
23493,54.26,3.80625
23497,54.27,3.80625
23502,54.28,3.80625
23506,54.29,3.80625
23511,54.3,3.80625
23515,54.31,3.80625
23520,54.32,3.80625
23524,54.33,3.805625
23529,54.34,3.805
23533,54.35,3.805625
23538,54.36,3.80625
23542,54.37,3.805
23547,54.38,3.805
23551,54.39,3.805
23556,54.4,3.805
23560,54.41,3.805
23565,54.42,3.805
23569,54.43,3.805
23574,54.44,3.805
23578,54.45,3.805
23583,54.46,3.805
23587,54.47,3.805
23592,54.48,3.805
23596,54.49,3.805
23601,54.5,3.805
23605,54.51,3.805
23610,54.52,3.805
23614,54.53,3.805
23619,54.54,3.805
23623,54.55,3.8043750000000003
23628,54.56,3.8043750000000003
23632,54.57,3.8043750000000003
23637,54.58,3.8043750000000003
23641,54.59,3.80375
23646,54.6,3.8043750000000003
23650,54.61,3.80375
23655,54.62,3.80375
23659,54.63,3.80375
23664,54.64,3.80375
23668,54.65,3.80375
23673,54.66,3.80375
23677,54.67,3.80375
23682,54.68,3.80375
23686,54.69,3.80375
23691,54.7,3.80375
23695,54.71,3.80375
23700,54.72,3.803125
23704,54.73,3.80375
23709,54.74,3.8025
23713,54.75,3.80375
23718,54.76,3.803125
23722,54.77,3.8025
23727,54.78,3.8025
23731,54.79,3.8025
23736,54.8,3.8025
23740,54.81,3.8025
23745,54.82,3.8025
23749,54.83,3.8025
23754,54.84,3.8025
23758,54.85,3.8025
23763,54.86,3.8025
23767,54.87,3.8025
23772,54.88,3.8025
23776,54.89,3.8025
23781,54.9,3.8025
23785,54.91,3.8025
23790,54.92,3.8025
23794,54.93,3.8025
23799,54.94,3.80125
23804,54.95,3.801875
23808,54.96,3.80125
23813,54.97,3.801875
23817,54.98,3.801875
23822,54.99,3.80125
23826,55.0,3.80125
23831,55.01,3.80125
23835,55.02,3.80125
23840,55.03,3.80125
23844,55.04,3.80125
23849,55.05,3.80125
23853,55.06,3.80125
23858,55.07,3.80125
23862,55.08,3.80125
23867,55.09,3.80125
23872,55.1,3.80125
23876,55.11,3.80125
23881,55.12,3.800625
23885,55.13,3.8
23890,55.14,3.8
23894,55.15,3.8
23899,55.16,3.8
23903,55.17,3.8
23908,55.18,3.8
23912,55.19,3.8
23917,55.2,3.8
23922,55.21,3.8
23926,55.22,3.8
23931,55.23,3.8
23935,55.24,3.8
23940,55.25,3.8
23944,55.26,3.8
23949,55.27,3.8
23953,55.28,3.8
23958,55.29,3.8
23963,55.3,3.8
23967,55.31,3.799375
23972,55.32,3.8
23976,55.33,3.8
23981,55.34,3.8
23985,55.35,3.8
23990,55.36,3.8
23994,55.37,3.8
23999,55.38,3.8
24003,55.39,3.799375
24008,55.4,3.79875
24012,55.41,3.79875
24017,55.42,3.79875
24022,55.43,3.79875
24026,55.44,3.79875
24031,55.45,3.79875
24035,55.46,3.79875
24040,55.47,3.79875
24044,55.48,3.79875
24049,55.49,3.79875
24053,55.5,3.79875
24058,55.51,3.79875
24062,55.52,3.79875
24067,55.53,3.79875
24071,55.54,3.79875
24076,55.55,3.79875
24080,55.56,3.7981249999999998
24085,55.57,3.7975
24090,55.58,3.7981249999999998
24094,55.59,3.7975
24099,55.6,3.7975
24103,55.61,3.7975
24108,55.62,3.7975
24112,55.63,3.7975
24117,55.64,3.7975
24121,55.65,3.7975
24126,55.66,3.7975
24130,55.67,3.7975
24135,55.68,3.7975
24139,55.69,3.7975
24144,55.7,3.796875
24148,55.71,3.7975
24153,55.72,3.79625
24158,55.73,3.79625
24162,55.74,3.796875
24167,55.75,3.79625
24171,55.76,3.79625
24176,55.77,3.79625
24180,55.78,3.79625
24185,55.79,3.79625
24189,55.8,3.79625
24194,55.81,3.79625
24199,55.82,3.79625
24203,55.83,3.79625
24208,55.84,3.79625
24212,55.85,3.79625
24217,55.86,3.79625
24221,55.87,3.79625
24226,55.88,3.79625
24230,55.89,3.79625
24235,55.9,3.79625
24239,55.91,3.79625
24244,55.92,3.79625
24248,55.93,3.79625
24253,55.94,3.79625
24257,55.95,3.7956250000000002
24262,55.96,3.7956250000000002
24266,55.97,3.7956250000000002
24271,55.98,3.7956250000000002
24276,55.99,3.795
24280,56.0,3.795
24285,56.01,3.795
24289,56.02,3.795
24294,56.03,3.795
24298,56.04,3.795
24303,56.05,3.795
24307,56.06,3.795
24312,56.07,3.795
24316,56.08,3.795
24321,56.09,3.795
24325,56.1,3.795
24330,56.11,3.795
24334,56.12,3.795
24339,56.13,3.795
24343,56.14,3.795
24348,56.15,3.795
24352,56.16,3.79375
24357,56.17,3.794375
24361,56.18,3.794375
24366,56.19,3.79375
24370,56.2,3.79375
24374,56.21,3.79375
24379,56.22,3.79375
24383,56.23,3.79375
24388,56.24,3.79375
24392,56.25,3.79375
24397,56.26,3.79375
24401,56.27,3.79375
24406,56.28,3.79375
24411,56.29,3.79375
24415,56.3,3.79375
24420,56.31,3.79375
24424,56.32,3.79375
24429,56.33,3.79375
24433,56.34,3.79375
24438,56.35,3.793125
24442,56.36,3.793125
24447,56.37,3.793125
24451,56.38,3.7925
24456,56.39,3.7925
24460,56.4,3.7925
24465,56.41,3.7925
24469,56.42,3.7925
24474,56.43,3.7925
24478,56.44,3.7925
24483,56.45,3.7925
24488,56.46,3.7925
24492,56.47,3.7925
24497,56.48,3.7925
24501,56.49,3.7925
24506,56.5,3.7925
24510,56.51,3.7925
24515,56.52,3.7925
24519,56.53,3.7925
24524,56.54,3.791875
24529,56.55,3.79125
24533,56.56,3.791875
24538,56.57,3.7925
24542,56.58,3.79125
24547,56.59,3.79125
24551,56.6,3.791875
24556,56.61,3.7925
24560,56.62,3.79125
24565,56.63,3.79125
24569,56.64,3.79125
24574,56.65,3.79125
24579,56.66,3.79125
24583,56.67,3.79125
24588,56.68,3.79125
24592,56.69,3.79125
24597,56.7,3.79125
24601,56.71,3.79125
24606,56.72,3.79125
24610,56.73,3.79125
24615,56.74,3.79125
24620,56.75,3.79125
24624,56.76,3.79125
24629,56.77,3.79125
24633,56.78,3.79125
24638,56.79,3.79125
24642,56.8,3.79125
24647,56.81,3.79125
24651,56.82,3.79125
24656,56.83,3.790625
24660,56.84,3.79
24665,56.85,3.79
24669,56.86,3.79
24674,56.87,3.79
24679,56.88,3.79
24683,56.89,3.79
24688,56.9,3.79
24692,56.91,3.79
24697,56.92,3.79
24701,56.93,3.79
24706,56.94,3.79
24710,56.95,3.79
24715,56.96,3.79
24719,56.97,3.79
24724,56.98,3.79
24728,56.99,3.7893749999999997
24733,57.0,3.7893749999999997
24738,57.01,3.78875
24742,57.02,3.78875
24747,57.03,3.78875
24751,57.04,3.78875
24756,57.05,3.78875
24760,57.06,3.78875
24765,57.07,3.78875
24769,57.08,3.78875
24774,57.09,3.78875
24779,57.1,3.78875
24783,57.11,3.78875
24788,57.12,3.78875
24792,57.13,3.78875
24797,57.14,3.78875
24801,57.15,3.78875
24806,57.16,3.788125
24810,57.17,3.788125
24815,57.18,3.78875
24820,57.19,3.78875
24824,57.2,3.788125
24829,57.21,3.7875
24833,57.22,3.7875
24838,57.23,3.788125
24842,57.24,3.7875
24847,57.25,3.788125
24851,57.26,3.7875
24856,57.27,3.7875
24860,57.28,3.7875
24865,57.29,3.7875
24869,57.3,3.7875
24874,57.31,3.7875
24879,57.32,3.7875
24883,57.33,3.7875
24888,57.34,3.7875
24892,57.35,3.7875
24897,57.36,3.7875
24901,57.37,3.7875
24906,57.38,3.7875
24910,57.39,3.7875
24915,57.4,3.7875
24919,57.41,3.7875
24924,57.42,3.7875
24928,57.43,3.7875
24933,57.44,3.7875
24937,57.45,3.786875
24942,57.46,3.7875
24946,57.47,3.786875
24951,57.48,3.786875
24955,57.49,3.78625
24960,57.5,3.78625
24964,57.51,3.78625
24969,57.52,3.78625
24973,57.53,3.78625
24978,57.54,3.78625
24982,57.55,3.78625
24987,57.56,3.78625
24991,57.57,3.78625
24996,57.58,3.78625
25001,57.59,3.78625
25005,57.6,3.78625
25010,57.61,3.78625
25014,57.62,3.785
25019,57.63,3.785
25023,57.64,3.785
25028,57.65,3.785
25032,57.66,3.785
25037,57.67,3.785
25041,57.68,3.785
25046,57.69,3.785
25051,57.7,3.785
25055,57.71,3.785
25060,57.72,3.785
25064,57.73,3.785
25069,57.74,3.785
25073,57.75,3.785
25078,57.76,3.785
25083,57.77,3.785
25087,57.78,3.785
25092,57.79,3.785
25096,57.8,3.785
25101,57.81,3.785
25105,57.82,3.785
25110,57.83,3.785
25114,57.84,3.78375
25119,57.85,3.785
25124,57.86,3.785
25128,57.87,3.785
25133,57.88,3.784375
25137,57.89,3.784375
25142,57.9,3.78375
25146,57.91,3.78375
25151,57.92,3.78375
25155,57.93,3.78375
25160,57.94,3.78375
25164,57.95,3.78375
25169,57.96,3.78375
25174,57.97,3.78375
25178,57.98,3.78375
25183,57.99,3.78375
25187,58.0,3.78375
25192,58.01,3.78375
25196,58.02,3.78375
25201,58.03,3.78375
25205,58.04,3.78375
25210,58.05,3.78375
25214,58.06,3.78375
25219,58.07,3.783125
25223,58.08,3.78375
25228,58.09,3.783125
25233,58.1,3.783125
25237,58.11,3.7825
25242,58.12,3.7825
25246,58.13,3.7825
25251,58.14,3.7825
25255,58.15,3.7825
25260,58.16,3.7825
25264,58.17,3.7825
25269,58.18,3.7825
25273,58.19,3.7825
25278,58.2,3.7825
25283,58.21,3.7825
25287,58.22,3.7825
25292,58.23,3.7825
25296,58.24,3.7825
25301,58.25,3.7825
25305,58.26,3.7825
25310,58.27,3.7818750000000003
25314,58.28,3.7818750000000003
25319,58.29,3.78125
25323,58.3,3.78125
25328,58.31,3.7818750000000003
25332,58.32,3.78125
25337,58.33,3.78125
25341,58.34,3.78125
25346,58.35,3.78125
25350,58.36,3.78125
25355,58.37,3.78125
25359,58.38,3.78125
25364,58.39,3.78125
25368,58.4,3.78125
25373,58.41,3.78125
25377,58.42,3.78125
25382,58.43,3.78125
25386,58.44,3.78125
25391,58.45,3.78125
25395,58.46,3.78125
25400,58.47,3.78125
25405,58.48,3.78125
25409,58.49,3.78125
25414,58.5,3.7806249999999997
25418,58.51,3.7806249999999997
25423,58.52,3.7806249999999997
25427,58.53,3.7806249999999997
25432,58.54,3.78
25436,58.55,3.78125
25441,58.56,3.78
25446,58.57,3.78
25450,58.58,3.78
25455,58.59,3.78
25459,58.6,3.78
25464,58.61,3.78
25468,58.62,3.78
25473,58.63,3.78
25477,58.64,3.78
25482,58.65,3.78
25487,58.66,3.78
25491,58.67,3.78
25496,58.68,3.78
25500,58.69,3.78
25505,58.7,3.78
25509,58.71,3.78
25514,58.72,3.779375
25518,58.73,3.779375
25523,58.74,3.779375
25527,58.75,3.779375
25532,58.76,3.77875
25537,58.77,3.77875
25541,58.78,3.77875
25546,58.79,3.77875
25550,58.8,3.77875
25555,58.81,3.77875
25559,58.82,3.77875
25564,58.83,3.77875
25568,58.84,3.77875
25573,58.85,3.77875
25577,58.86,3.77875
25582,58.87,3.77875
25586,58.88,3.77875
25591,58.89,3.77875
25595,58.9,3.77875
25600,58.91,3.77875
25604,58.92,3.77875
25609,58.93,3.77875
25614,58.94,3.77875
25618,58.95,3.77875
25623,58.96,3.77875
25627,58.97,3.77875
25632,58.98,3.77875
25636,58.99,3.778125
25641,59.0,3.7775
25645,59.01,3.7775
25650,59.02,3.778125
25655,59.03,3.7775
25659,59.04,3.778125
25664,59.05,3.7775
25668,59.06,3.7775
25673,59.07,3.7775
25677,59.08,3.7775
25682,59.09,3.7775
25686,59.1,3.7775
25691,59.11,3.7775
25696,59.12,3.7775
25700,59.13,3.7775
25705,59.14,3.7775
25709,59.15,3.7775
25714,59.16,3.776875
25718,59.17,3.776875
25723,59.18,3.776875
25727,59.19,3.776875
25732,59.2,3.77625
25737,59.21,3.77625
25741,59.22,3.77625
25746,59.23,3.77625
25750,59.24,3.77625
25755,59.25,3.77625
25759,59.26,3.77625
25764,59.27,3.77625
25768,59.28,3.77625
25773,59.29,3.77625
25778,59.3,3.77625
25782,59.31,3.77625
25787,59.32,3.77625
25791,59.33,3.77625
25796,59.34,3.77625
25800,59.35,3.77625
25805,59.36,3.77625
25809,59.37,3.77625
25814,59.38,3.77625
25818,59.39,3.775625
25823,59.4,3.77625
25827,59.41,3.775625
25832,59.42,3.775625
25836,59.43,3.775
25841,59.44,3.775
25845,59.45,3.775
25850,59.46,3.775
25855,59.47,3.775
25859,59.48,3.775
25864,59.49,3.775
25868,59.5,3.775
25873,59.51,3.775
25877,59.52,3.775
25882,59.53,3.775
25887,59.54,3.775
25891,59.55,3.775
25896,59.56,3.775
25900,59.57,3.775
25905,59.58,3.775
25909,59.59,3.775
25914,59.6,3.775
25919,59.61,3.775
25923,59.62,3.775
25928,59.63,3.775
25932,59.64,3.775
25937,59.65,3.774375
25941,59.66,3.775
25946,59.67,3.77375
25950,59.68,3.77375
25955,59.69,3.77375
25959,59.7,3.77375
25964,59.71,3.77375
25969,59.72,3.77375
25973,59.73,3.77375
25978,59.74,3.77375
25982,59.75,3.77375
25987,59.76,3.77375
25991,59.77,3.77375
25996,59.78,3.77375
26000,59.79,3.77375
26005,59.8,3.77375
26009,59.81,3.7731250000000003
26014,59.82,3.77375
26018,59.83,3.7731250000000003
26023,59.84,3.7731250000000003
26027,59.85,3.7725
26032,59.86,3.77375
26037,59.87,3.7731250000000003
26041,59.88,3.7725
26046,59.89,3.7725
26050,59.9,3.7725
26055,59.91,3.7725
26059,59.92,3.7725
26064,59.93,3.7725
26068,59.94,3.7725
26073,59.95,3.7725
26078,59.96,3.7725
26082,59.97,3.7725
26087,59.98,3.7725
26091,59.99,3.7725
26096,60.0,3.7725
26100,60.01,3.7725
26105,60.02,3.7725
26110,60.03,3.7725
26114,60.04,3.7725
26119,60.05,3.7725
26123,60.06,3.7725
26128,60.07,3.7725
26132,60.08,3.7725
26137,60.09,3.771875
26141,60.1,3.77125
26146,60.11,3.7725
26150,60.12,3.77125
26155,60.13,3.77125
26160,60.14,3.77125
26164,60.15,3.77125
26169,60.16,3.77125
26173,60.17,3.77125
26178,60.18,3.77125
26182,60.19,3.77125
26187,60.2,3.77125
26191,60.21,3.77125
26196,60.22,3.77125
26201,60.23,3.77125
26205,60.24,3.77125
26210,60.25,3.77125
26214,60.26,3.77125
26219,60.27,3.77125
26223,60.28,3.77125
26228,60.29,3.77125
26233,60.3,3.77125
26237,60.31,3.77125
26242,60.32,3.770625
26246,60.33,3.77125
26251,60.34,3.770625
26255,60.35,3.770625
26260,60.36,3.77
26264,60.37,3.77
26269,60.38,3.77
26273,60.39,3.77
26278,60.4,3.770625
26282,60.41,3.77
26287,60.42,3.77
26291,60.43,3.77
26296,60.44,3.77
26300,60.45,3.77
26305,60.46,3.77
26309,60.47,3.77
26314,60.48,3.77
26319,60.49,3.77
26323,60.5,3.77
26328,60.51,3.77
26332,60.52,3.769375
26337,60.53,3.769375
26342,60.54,3.77
26346,60.55,3.769375
26351,60.56,3.77
26355,60.57,3.769375
26360,60.58,3.76875
26364,60.59,3.76875
26369,60.6,3.76875
26374,60.61,3.76875
26378,60.62,3.76875
26383,60.63,3.76875
26387,60.64,3.76875
26392,60.65,3.76875
26396,60.66,3.76875
26401,60.67,3.76875
26406,60.68,3.76875
26410,60.69,3.76875
26415,60.7,3.76875
26419,60.71,3.76875
26424,60.72,3.768125
26428,60.73,3.76875
26433,60.74,3.76875
26437,60.75,3.76875
26442,60.76,3.768125
26447,60.77,3.7675
26451,60.78,3.7675
26456,60.79,3.7675
26460,60.8,3.7675
26465,60.81,3.7675
26469,60.82,3.7675
26474,60.83,3.7675
26479,60.84,3.7675
26483,60.85,3.7675
26488,60.86,3.7675
26492,60.87,3.7675
26497,60.88,3.7675
26501,60.89,3.7675
26506,60.9,3.7675
26511,60.91,3.7675
26515,60.92,3.7675
26520,60.93,3.7675
26524,60.94,3.7675
26529,60.95,3.7675
26533,60.96,3.7675
26538,60.97,3.7675
26543,60.98,3.7675
26547,60.99,3.7675
26552,61.0,3.7675
26556,61.01,3.7668749999999998
26561,61.02,3.7675
26565,61.03,3.7675
26570,61.04,3.7668749999999998
26574,61.05,3.7675
26579,61.06,3.76625
26584,61.07,3.76625
26588,61.08,3.76625
26593,61.09,3.76625
26597,61.1,3.76625
26602,61.11,3.76625
26607,61.12,3.76625
26611,61.13,3.76625
26616,61.14,3.76625
26620,61.15,3.76625
26625,61.16,3.76625
26629,61.17,3.76625
26634,61.18,3.76625
26639,61.19,3.76625
26643,61.2,3.76625
26648,61.21,3.76625
26652,61.22,3.76625
26657,61.23,3.76625
26661,61.24,3.76625
26666,61.25,3.76625
26670,61.26,3.76625
26675,61.27,3.76625
26680,61.28,3.765625
26684,61.29,3.76625
26689,61.3,3.765625
26693,61.31,3.765
26698,61.32,3.765
26702,61.33,3.765
26707,61.34,3.765
26712,61.35,3.765
26716,61.36,3.765
26721,61.37,3.765
26725,61.38,3.765
26730,61.39,3.765
26734,61.4,3.765
26739,61.41,3.765
26743,61.42,3.765
26748,61.43,3.765
26753,61.44,3.765
26757,61.45,3.765
26762,61.46,3.765
26766,61.47,3.765
26771,61.48,3.765
26775,61.49,3.7643750000000002
26780,61.5,3.7643750000000002
26784,61.51,3.7643750000000002
26789,61.52,3.76375
26793,61.53,3.76375
26798,61.54,3.76375
26802,61.55,3.76375
26807,61.56,3.76375
26811,61.57,3.76375
26816,61.58,3.76375
26821,61.59,3.76375
26825,61.6,3.76375
26830,61.61,3.76375
26834,61.62,3.76375
26839,61.63,3.76375
26843,61.64,3.76375
26848,61.65,3.76375
26852,61.66,3.763125
26857,61.67,3.76375
26862,61.68,3.76375
26866,61.69,3.763125
26871,61.7,3.7625
26875,61.71,3.7625
26880,61.72,3.7625
26884,61.73,3.7625
26889,61.74,3.7625
26894,61.75,3.7625
26898,61.76,3.7625
26903,61.77,3.7625
26907,61.78,3.7625
26912,61.79,3.7625
26917,61.8,3.7625
26921,61.81,3.7625
26926,61.82,3.7625
26930,61.83,3.7625
26935,61.84,3.7625
26939,61.85,3.7625
26944,61.86,3.7625
26949,61.87,3.7625
26953,61.88,3.7625
26958,61.89,3.7625
26962,61.9,3.7625
26967,61.91,3.7625
26972,61.92,3.7625
26976,61.93,3.7625
26981,61.94,3.7625
26985,61.95,3.7625
26990,61.96,3.7625
26994,61.97,3.7625
26999,61.98,3.7625
27004,61.99,3.7625
27008,62.0,3.7625
27013,62.01,3.7625
27017,62.02,3.76125
27022,62.03,3.76125
27026,62.04,3.76125
27031,62.05,3.76125
27036,62.06,3.76125
27040,62.07,3.76125
27045,62.08,3.76125
27049,62.09,3.76125
27054,62.1,3.76125
27058,62.11,3.76125
27063,62.12,3.76125
27068,62.13,3.76125
27072,62.14,3.76125
27077,62.15,3.76125
27081,62.16,3.76125
27086,62.17,3.76125
27090,62.18,3.76125
27095,62.19,3.76125
27099,62.2,3.76125
27104,62.21,3.76125
27109,62.22,3.76125
27113,62.23,3.76125
27118,62.24,3.76
27122,62.25,3.76
27127,62.26,3.76
27131,62.27,3.76
27136,62.28,3.76
27141,62.29,3.76
27145,62.3,3.76
27150,62.31,3.76
27154,62.32,3.76
27159,62.33,3.76
27164,62.34,3.76
27168,62.35,3.76
27173,62.36,3.76
27177,62.37,3.76
27182,62.38,3.76
27186,62.39,3.76
27191,62.4,3.76
27195,62.41,3.76
27200,62.42,3.76
27205,62.43,3.76
27209,62.44,3.76
27214,62.45,3.76
27218,62.46,3.759375
27223,62.47,3.76
27227,62.48,3.759375
27232,62.49,3.759375
27236,62.5,3.759375
27241,62.51,3.75875
27245,62.52,3.75875
27250,62.53,3.759375
27254,62.54,3.75875
27259,62.55,3.75875
27263,62.56,3.75875
27268,62.57,3.75875
27272,62.58,3.75875
27277,62.59,3.75875
27282,62.6,3.75875
27286,62.61,3.75875
27291,62.62,3.75875
27295,62.63,3.75875
27300,62.64,3.75875
27304,62.65,3.7581249999999997
27309,62.66,3.7581249999999997
27314,62.67,3.75875
27318,62.68,3.75875
27323,62.69,3.7581249999999997
27327,62.7,3.7575
27332,62.71,3.7575
27336,62.72,3.7575
27341,62.73,3.7575
27346,62.74,3.7575
27350,62.75,3.7575
27355,62.76,3.7575
27359,62.77,3.7575
27364,62.78,3.7575
27368,62.79,3.7575
27373,62.8,3.7575
27378,62.81,3.7575
27382,62.82,3.7575
27387,62.83,3.7575
27391,62.84,3.7575
27396,62.85,3.7575
27401,62.86,3.7575
27405,62.87,3.7575
27410,62.88,3.7575
27414,62.89,3.7575
27419,62.9,3.7575
27424,62.91,3.7575
27428,62.92,3.7575
27433,62.93,3.7575
27437,62.94,3.7575
27442,62.95,3.7575
27446,62.96,3.7575
27451,62.97,3.7575
27456,62.98,3.7575
27460,62.99,3.75625
27465,63.0,3.756875
27469,63.01,3.75625
27474,63.02,3.75625
27479,63.03,3.75625
27483,63.04,3.75625
27488,63.05,3.75625
27492,63.06,3.75625
27497,63.07,3.75625
27502,63.08,3.75625
27506,63.09,3.75625
27511,63.1,3.75625
27515,63.11,3.75625
27520,63.12,3.75625
27524,63.13,3.75625
27529,63.14,3.75625
27534,63.15,3.75625
27538,63.16,3.75625
27543,63.17,3.75625
27547,63.18,3.75625
27552,63.19,3.75625
27556,63.2,3.75625
27561,63.21,3.75625
27566,63.22,3.755625
27570,63.23,3.755625
27575,63.24,3.755625
27579,63.25,3.755
27584,63.26,3.755
27588,63.27,3.755
27593,63.28,3.755
27597,63.29,3.755
27602,63.3,3.755
27606,63.31,3.755
27611,63.32,3.755
27616,63.33,3.755
27620,63.34,3.755
27625,63.35,3.755
27629,63.36,3.755
27634,63.37,3.755
27638,63.38,3.755
27643,63.39,3.75375
27648,63.4,3.755
27652,63.41,3.755
27657,63.42,3.754375
27661,63.43,3.754375
27666,63.44,3.754375
27671,63.45,3.75375
27675,63.46,3.75375
27680,63.47,3.75375
27684,63.48,3.75375
27689,63.49,3.75375
27693,63.5,3.75375
27698,63.51,3.75375
27703,63.52,3.75375
27707,63.53,3.75375
27712,63.54,3.75375
27716,63.55,3.75375
27721,63.56,3.75375
27725,63.57,3.75375
27730,63.58,3.75375
27734,63.59,3.75375
27739,63.6,3.75375
27743,63.61,3.75375
27748,63.62,3.75375
27752,63.63,3.75375
27757,63.64,3.75375
27762,63.65,3.75375
27766,63.66,3.75375
27771,63.67,3.75375
27775,63.68,3.75375
27780,63.69,3.75375
27784,63.7,3.75375
27789,63.71,3.75375
27793,63.72,3.75375
27798,63.73,3.75375
27803,63.74,3.75375
27807,63.75,3.75375
27812,63.76,3.7525
27816,63.77,3.753125
27821,63.78,3.753125
27826,63.79,3.7525
27830,63.8,3.7525
27835,63.81,3.7525
27839,63.82,3.7525
27844,63.83,3.7525
27848,63.84,3.7525
27853,63.85,3.7525
27858,63.86,3.7525
27862,63.87,3.7525
27867,63.88,3.7525
27871,63.89,3.7525
27876,63.9,3.7525
27881,63.91,3.7525
27885,63.92,3.7525
27890,63.93,3.7525
27894,63.94,3.7525
27899,63.95,3.7525
27904,63.96,3.7525
27908,63.97,3.7525
27913,63.98,3.7525
27917,63.99,3.7525
27922,64.0,3.7525
27926,64.01,3.7525
27931,64.02,3.7525
27936,64.03,3.751875
27940,64.04,3.7525
27945,64.05,3.7525
27949,64.06,3.751875
27954,64.07,3.75125
27958,64.08,3.75125
27963,64.09,3.75125
27968,64.1,3.75125
27972,64.11,3.75125
27977,64.12,3.75125
27981,64.13,3.75125
27986,64.14,3.75125
27990,64.15,3.75125
27995,64.16,3.75125
28000,64.17,3.75125
28004,64.18,3.75125
28009,64.19,3.75125
28013,64.2,3.75125
28018,64.21,3.75125
28023,64.22,3.75125
28027,64.23,3.75125
28032,64.24,3.75125
28036,64.25,3.75125
28041,64.26,3.75
28045,64.27,3.7506250000000003
28050,64.28,3.7506250000000003
28055,64.29,3.75
28059,64.3,3.75
28064,64.31,3.75
28068,64.32,3.75
28073,64.33,3.75
28077,64.34,3.75
28082,64.35,3.75
28087,64.36,3.75
28091,64.37,3.75
28096,64.38,3.75
28100,64.39,3.75
28105,64.4,3.75
28110,64.41,3.75
28114,64.42,3.75
28119,64.43,3.75
28123,64.44,3.75
28128,64.45,3.75
28132,64.46,3.75
28137,64.47,3.75
28142,64.48,3.74875
28146,64.49,3.7493749999999997
28151,64.5,3.74875
28155,64.51,3.74875
28160,64.52,3.74875
28164,64.53,3.74875
28169,64.54,3.74875
28174,64.55,3.74875
28178,64.56,3.74875
28183,64.57,3.74875
28187,64.58,3.74875
28192,64.59,3.74875
28197,64.6,3.74875
28201,64.61,3.74875
28206,64.62,3.74875
28210,64.63,3.74875
28215,64.64,3.74875
28220,64.65,3.74875
28224,64.66,3.74875
28229,64.67,3.74875
28233,64.68,3.74875
28238,64.69,3.74875
28242,64.7,3.74875
28247,64.71,3.74875
28251,64.72,3.74875
28256,64.73,3.74875
28261,64.74,3.74875
28265,64.75,3.74875
28270,64.76,3.74875
28274,64.77,3.74875
28279,64.78,3.74875
28283,64.79,3.74875
28288,64.8,3.748125
28292,64.81,3.748125
28297,64.82,3.7475
28301,64.83,3.748125
28306,64.84,3.7475
28310,64.85,3.748125
28315,64.86,3.7475
28320,64.87,3.7475
28324,64.88,3.7475
28329,64.89,3.7475
28333,64.9,3.7475
28338,64.91,3.7475
28342,64.92,3.7475
28347,64.93,3.7475
28351,64.94,3.7475
28356,64.95,3.7475
28360,64.96,3.7475
28365,64.97,3.7475
28370,64.98,3.7475
28374,64.99,3.7475
28379,65.0,3.7475
28383,65.01,3.7475
28388,65.02,3.7475
28392,65.03,3.7475
28397,65.04,3.746875
28401,65.05,3.746875
28406,65.06,3.746875
28411,65.07,3.74625
28415,65.08,3.74625
28420,65.09,3.74625
28424,65.1,3.74625
28429,65.11,3.74625
28433,65.12,3.74625
28438,65.13,3.74625
28443,65.14,3.74625
28447,65.15,3.74625
28452,65.16,3.74625
28456,65.17,3.74625
28461,65.18,3.74625
28465,65.19,3.74625
28470,65.2,3.74625
28475,65.21,3.74625
28479,65.22,3.74625
28484,65.23,3.74625
28488,65.24,3.74625
28493,65.25,3.74625
28497,65.26,3.74625
28502,65.27,3.74625
28506,65.28,3.74625
28511,65.29,3.74625
28516,65.3,3.745625
28520,65.31,3.74625
28525,65.32,3.74625
28529,65.33,3.745625
28534,65.34,3.745
28538,65.35,3.745625
28543,65.36,3.745
28547,65.37,3.745
28552,65.38,3.745
28556,65.39,3.745
28561,65.4,3.745
28565,65.41,3.745
28570,65.42,3.745
28575,65.43,3.745
28579,65.44,3.745
28584,65.45,3.745
28588,65.46,3.745
28593,65.47,3.745
28597,65.48,3.745
28602,65.49,3.745
28606,65.5,3.745
28611,65.51,3.745
28615,65.52,3.745
28620,65.53,3.745
28624,65.54,3.745
28629,65.55,3.745
28634,65.56,3.745
28638,65.57,3.745
28643,65.58,3.745
28647,65.59,3.744375
28652,65.6,3.745
28656,65.61,3.744375
28661,65.62,3.74375
28665,65.63,3.744375
28670,65.64,3.74375
28674,65.65,3.74375
28679,65.66,3.74375
28684,65.67,3.74375
28688,65.68,3.74375
28693,65.69,3.74375
28697,65.7,3.74375
28702,65.71,3.74375
28706,65.72,3.74375
28711,65.73,3.74375
28715,65.74,3.74375
28720,65.75,3.74375
28724,65.76,3.74375
28729,65.77,3.74375
28733,65.78,3.74375
28738,65.79,3.74375
28743,65.8,3.74375
28747,65.81,3.74375
28752,65.82,3.74375
28756,65.83,3.74375
28761,65.84,3.74375
28765,65.85,3.74375
28770,65.86,3.74375
28774,65.87,3.74375
28779,65.88,3.74375
28783,65.89,3.74375
28788,65.9,3.743125
28793,65.91,3.7425
28797,65.92,3.743125
28802,65.93,3.7425
28806,65.94,3.7425
28811,65.95,3.7425
28815,65.96,3.7425
28820,65.97,3.7425
28825,65.98,3.7425
28829,65.99,3.7425
28834,66.0,3.7425
28838,66.01,3.7425
28843,66.02,3.7425
28848,66.03,3.7425
28852,66.04,3.7425
28857,66.05,3.7425
28861,66.06,3.7425
28866,66.07,3.7425
28870,66.08,3.7425
28875,66.09,3.7425
28880,66.1,3.7418750000000003
28884,66.11,3.7425
28889,66.12,3.74125
28893,66.13,3.7418750000000003
28898,66.14,3.7418750000000003
28902,66.15,3.74125
28907,66.16,3.7418750000000003
28912,66.17,3.74125
28916,66.18,3.74125
28921,66.19,3.74125
28925,66.2,3.74125
28930,66.21,3.74125
28935,66.22,3.74125
28939,66.23,3.74125
28944,66.24,3.74125
28948,66.25,3.74125
28953,66.26,3.74125
28958,66.27,3.74125
28962,66.28,3.74125
28967,66.29,3.74125
28971,66.3,3.74125
28976,66.31,3.74125
28981,66.32,3.74125
28985,66.33,3.74
28990,66.34,3.74125
28994,66.35,3.740625
28999,66.36,3.74
29004,66.37,3.740625
29008,66.38,3.74125
29013,66.39,3.740625
29017,66.4,3.74125
29022,66.41,3.74125
29026,66.42,3.74125
29031,66.43,3.74
29036,66.44,3.74
29040,66.45,3.74
29045,66.46,3.74
29049,66.47,3.74
29054,66.48,3.74
29059,66.49,3.74
29063,66.5,3.74
29068,66.51,3.74
29072,66.52,3.74
29077,66.53,3.74
29081,66.54,3.74
29086,66.55,3.74
29091,66.56,3.74
29095,66.57,3.74
29100,66.58,3.74
29104,66.59,3.74
29109,66.6,3.74
29114,66.61,3.74
29118,66.62,3.74
29123,66.63,3.74
29127,66.64,3.74
29132,66.65,3.74
29137,66.66,3.74
29141,66.67,3.74
29146,66.68,3.74
29150,66.69,3.74
29155,66.7,3.74
29159,66.71,3.74
29164,66.72,3.74
29169,66.73,3.739375
29173,66.74,3.73875
29178,66.75,3.739375
29182,66.76,3.73875
29187,66.77,3.73875
29192,66.78,3.73875
29196,66.79,3.73875
29201,66.8,3.73875
29205,66.81,3.73875
29210,66.82,3.73875
29215,66.83,3.73875
29219,66.84,3.73875
29224,66.85,3.73875
29229,66.86,3.73875
29233,66.87,3.73875
29238,66.88,3.73875
29242,66.89,3.73875
29247,66.9,3.73875
29252,66.91,3.738125
29256,66.92,3.738125
29261,66.93,3.7375
29265,66.94,3.7375
29270,66.95,3.7375
29275,66.96,3.7375
29279,66.97,3.7375
29284,66.98,3.7375
29288,66.99,3.7375
29293,67.0,3.7375
29298,67.01,3.7375
29302,67.02,3.7375
29307,67.03,3.7375
29311,67.04,3.7375
29316,67.05,3.7375
29321,67.06,3.7375
29325,67.07,3.7375
29330,67.08,3.7375
29334,67.09,3.7375
29339,67.1,3.7375
29344,67.11,3.7375
29348,67.12,3.7375
29353,67.13,3.7375
29357,67.14,3.7375
29362,67.15,3.7375
29367,67.16,3.7375
29371,67.17,3.7375
29376,67.18,3.7375
29380,67.19,3.7375
29385,67.2,3.7375
29389,67.21,3.736875
29394,67.22,3.7375
29399,67.23,3.736875
29403,67.24,3.73625
29408,67.25,3.73625
29412,67.26,3.73625
29417,67.27,3.73625
29421,67.28,3.736875
29426,67.29,3.73625
29431,67.3,3.73625
29435,67.31,3.73625
29440,67.32,3.73625
29444,67.33,3.73625
29449,67.34,3.73625
29454,67.35,3.73625
29458,67.36,3.73625
29463,67.37,3.73625
29467,67.38,3.73625
29472,67.39,3.73625
29476,67.4,3.73625
29481,67.41,3.73625
29485,67.42,3.73625
29490,67.43,3.73625
29495,67.44,3.73625
29499,67.45,3.7356249999999998
29504,67.46,3.73625
29508,67.47,3.7356249999999998
29513,67.48,3.7356249999999998
29518,67.49,3.73625
29522,67.5,3.73625
29527,67.51,3.73625
29531,67.52,3.73625
29536,67.53,3.73625
29541,67.54,3.73625
29545,67.55,3.7356249999999998
29550,67.56,3.735
29554,67.57,3.735
29559,67.58,3.735
29564,67.59,3.735
29568,67.6,3.735
29573,67.61,3.735
29577,67.62,3.735
29582,67.63,3.735
29587,67.64,3.735
29591,67.65,3.735
29596,67.66,3.735
29600,67.67,3.735
29605,67.68,3.735
29609,67.69,3.735
29614,67.7,3.735
29619,67.71,3.735
29623,67.72,3.735
29628,67.73,3.735
29632,67.74,3.735
29637,67.75,3.735
29641,67.76,3.735
29646,67.77,3.735
29651,67.78,3.735
29655,67.79,3.735
29660,67.8,3.735
29664,67.81,3.735
29669,67.82,3.73375
29674,67.83,3.734375
29678,67.84,3.734375
29683,67.85,3.73375
29687,67.86,3.73375
29692,67.87,3.73375
29697,67.88,3.73375
29701,67.89,3.73375
29706,67.9,3.73375
29710,67.91,3.73375
29715,67.92,3.73375
29720,67.93,3.73375
29724,67.94,3.73375
29729,67.95,3.73375
29734,67.96,3.73375
29738,67.97,3.73375
29743,67.98,3.73375
29747,67.99,3.73375
29752,68.0,3.73375
29757,68.01,3.73375
29761,68.02,3.7331250000000002
29766,68.03,3.73375
29770,68.04,3.7331250000000002
29775,68.05,3.7331250000000002
29780,68.06,3.7325
29784,68.07,3.7325
29789,68.08,3.7325
29793,68.09,3.7325
29798,68.1,3.7325
29803,68.11,3.7325
29807,68.12,3.7325
29812,68.13,3.7325
29817,68.14,3.7325
29821,68.15,3.7325
29826,68.16,3.7325
29830,68.17,3.7325
29835,68.18,3.7325
29840,68.19,3.7325
29844,68.2,3.7325
29849,68.21,3.7325
29853,68.22,3.7325
29858,68.23,3.7325
29862,68.24,3.7325
29867,68.25,3.7325
29872,68.26,3.7325
29876,68.27,3.7325
29881,68.28,3.7325
29885,68.29,3.7325
29890,68.3,3.7325
29894,68.31,3.7325
29899,68.32,3.7325
29904,68.33,3.7325
29908,68.34,3.7325
29913,68.35,3.7325
29917,68.36,3.7325
29922,68.37,3.7325
29926,68.38,3.7325
29931,68.39,3.7325
29935,68.4,3.7325
29940,68.41,3.73125
29945,68.42,3.731875
29949,68.43,3.731875
29954,68.44,3.73125
29958,68.45,3.73125
29963,68.46,3.73125
29967,68.47,3.73125
29972,68.48,3.73125
29976,68.49,3.73125
29981,68.5,3.73125
29986,68.51,3.73125
29990,68.52,3.73125
29995,68.53,3.73125
29999,68.54,3.73125
30004,68.55,3.73125
30009,68.56,3.73125
30013,68.57,3.73125
30018,68.58,3.73125
30022,68.59,3.73125
30027,68.6,3.73125
30031,68.61,3.73125
30036,68.62,3.73125
30041,68.63,3.73125
30045,68.64,3.73125
30050,68.65,3.73125
30054,68.66,3.73125
30059,68.67,3.73125
30064,68.68,3.730625
30068,68.69,3.730625
30073,68.7,3.730625
30077,68.71,3.730625
30082,68.72,3.730625
30087,68.73,3.73
30091,68.74,3.73
30096,68.75,3.73
30100,68.76,3.73
30105,68.77,3.73
30110,68.78,3.73
30114,68.79,3.73
30119,68.8,3.73
30123,68.81,3.73
30128,68.82,3.73
30133,68.83,3.73
30137,68.84,3.73
30142,68.85,3.73
30146,68.86,3.73
30151,68.87,3.73
30156,68.88,3.73
30160,68.89,3.73
30165,68.9,3.73
30169,68.91,3.73
30174,68.92,3.73
30179,68.93,3.73
30183,68.94,3.73
30188,68.95,3.73
30192,68.96,3.73
30197,68.97,3.73
30202,68.98,3.73
30206,68.99,3.73
30211,69.0,3.729375
30215,69.01,3.729375
30220,69.02,3.72875
30225,69.03,3.72875
30229,69.04,3.72875
30234,69.05,3.72875
30238,69.06,3.72875
30243,69.07,3.72875
30248,69.08,3.72875
30252,69.09,3.72875
30257,69.1,3.72875
30261,69.11,3.72875
30266,69.12,3.72875
30271,69.13,3.72875
30275,69.14,3.72875
30280,69.15,3.72875
30284,69.16,3.72875
30289,69.17,3.72875
30294,69.18,3.72875
30298,69.19,3.72875
30303,69.2,3.72875
30307,69.21,3.72875
30312,69.22,3.72875
30317,69.23,3.72875
30321,69.24,3.72875
30326,69.25,3.72875
30330,69.26,3.72875
30335,69.27,3.72875
30340,69.28,3.72875
30344,69.29,3.7275
30349,69.3,3.7275
30353,69.31,3.7275
30358,69.32,3.7275
30363,69.33,3.7275
30367,69.34,3.7275
30372,69.35,3.7275
30376,69.36,3.7275
30381,69.37,3.7275
30386,69.38,3.7275
30390,69.39,3.7275
30395,69.4,3.7275
30400,69.41,3.7275
30404,69.42,3.7275
30409,69.43,3.7275
30413,69.44,3.7275
30418,69.45,3.7275
30423,69.46,3.7275
30427,69.47,3.7275
30432,69.48,3.7275
30436,69.49,3.7275
30441,69.5,3.7275
30445,69.51,3.7275
30450,69.52,3.7275
30454,69.53,3.7275
30459,69.54,3.7275
30464,69.55,3.7275
30468,69.56,3.7275
30473,69.57,3.7275
30477,69.58,3.7275
30482,69.59,3.72625
30486,69.6,3.7275
30491,69.61,3.7275
30496,69.62,3.7275
30500,69.63,3.72625
30505,69.64,3.72625
30509,69.65,3.72625
30514,69.66,3.72625
30519,69.67,3.72625
30523,69.68,3.72625
30528,69.69,3.72625
30532,69.7,3.72625
30537,69.71,3.72625
30542,69.72,3.72625
30546,69.73,3.72625
30551,69.74,3.72625
30556,69.75,3.72625
30560,69.76,3.72625
30565,69.77,3.72625
30569,69.78,3.72625
30574,69.79,3.72625
30578,69.8,3.72625
30583,69.81,3.72625
30588,69.82,3.725625
30592,69.83,3.725625
30597,69.84,3.72625
30601,69.85,3.725
30606,69.86,3.725
30611,69.87,3.725
30615,69.88,3.725
30620,69.89,3.725
30624,69.9,3.725
30629,69.91,3.725
30634,69.92,3.725
30638,69.93,3.725
30643,69.94,3.725
30647,69.95,3.725
30652,69.96,3.725
30657,69.97,3.725
30661,69.98,3.725
30666,69.99,3.725
30670,70.0,3.725
30675,70.01,3.725
30680,70.02,3.725
30684,70.03,3.725
30689,70.04,3.725
30693,70.05,3.725
30698,70.06,3.725
30703,70.07,3.725
30707,70.08,3.725
30712,70.09,3.725
30717,70.1,3.724375
30721,70.11,3.72375
30726,70.12,3.725
30730,70.13,3.725
30735,70.14,3.724375
30740,70.15,3.724375
30744,70.16,3.725
30749,70.17,3.724375
30753,70.18,3.724375
30758,70.19,3.72375
30763,70.2,3.72375
30767,70.21,3.72375
30772,70.22,3.725
30776,70.23,3.72375
30781,70.24,3.72375
30786,70.25,3.72375
30790,70.26,3.72375
30795,70.27,3.72375
30799,70.28,3.72375
30804,70.29,3.72375
30809,70.3,3.72375
30813,70.31,3.72375
30818,70.32,3.72375
30822,70.33,3.72375
30827,70.34,3.72375
30832,70.35,3.72375
30836,70.36,3.72375
30841,70.37,3.72375
30845,70.38,3.72375
30850,70.39,3.72375
30855,70.4,3.72375
30859,70.41,3.72375
30864,70.42,3.72375
30868,70.43,3.72375
30873,70.44,3.72375
30878,70.45,3.72375
30882,70.46,3.72375
30887,70.47,3.72375
30892,70.48,3.72375
30896,70.49,3.72375
30901,70.5,3.723125
30905,70.51,3.723125
30910,70.52,3.723125
30915,70.53,3.7225
30919,70.54,3.7225
30924,70.55,3.7225
30928,70.56,3.723125
30933,70.57,3.7225
30938,70.58,3.7225
30942,70.59,3.7225
30947,70.6,3.7225
30951,70.61,3.7225
30956,70.62,3.7225
30961,70.63,3.7225
30965,70.64,3.7225
30970,70.65,3.7225
30974,70.66,3.7225
30979,70.67,3.7225
30983,70.68,3.7225
30988,70.69,3.7225
30993,70.7,3.7225
30997,70.71,3.7225
31002,70.72,3.7225
31006,70.73,3.7225
31011,70.74,3.721875
31016,70.75,3.7225
31020,70.76,3.72125
31025,70.77,3.721875
31029,70.78,3.7225
31034,70.79,3.7225
31038,70.8,3.7225
31043,70.81,3.7225
31048,70.82,3.721875
31052,70.83,3.7225
31057,70.84,3.72125
31061,70.85,3.721875
31066,70.86,3.72125
31071,70.87,3.72125
31075,70.88,3.72125
31080,70.89,3.72125
31084,70.9,3.72125
31089,70.91,3.72125
31093,70.92,3.72125
31098,70.93,3.72125
31103,70.94,3.72125
31107,70.95,3.72125
31112,70.96,3.72125
31116,70.97,3.72125
31121,70.98,3.72125
31126,70.99,3.720625
31130,71.0,3.720625
31135,71.01,3.720625
31140,71.02,3.72125
31144,71.03,3.72125
31149,71.04,3.72125
31153,71.05,3.72125
31158,71.06,3.72125
31163,71.07,3.720625
31167,71.08,3.720625
31172,71.09,3.72
31176,71.1,3.72
31181,71.11,3.72
31186,71.12,3.72
31190,71.13,3.72
31195,71.14,3.720625
31199,71.15,3.72
31204,71.16,3.72
31209,71.17,3.72
31213,71.18,3.72
31218,71.19,3.72
31222,71.2,3.72
31227,71.21,3.72
31232,71.22,3.72
31236,71.23,3.72
31241,71.24,3.72
31246,71.25,3.72
31250,71.26,3.72
31255,71.27,3.72
31259,71.28,3.72
31264,71.29,3.72
31269,71.3,3.72
31273,71.31,3.72
31278,71.32,3.72
31282,71.33,3.72
31287,71.34,3.72
31292,71.35,3.72
31296,71.36,3.72
31301,71.37,3.72
31305,71.38,3.72
31310,71.39,3.72
31315,71.4,3.72
31319,71.41,3.72
31324,71.42,3.72
31328,71.43,3.72
31333,71.44,3.7193750000000003
31338,71.45,3.72
31342,71.46,3.72
31347,71.47,3.7193750000000003
31351,71.48,3.71875
31356,71.49,3.71875
31361,71.5,3.71875
31365,71.51,3.71875
31370,71.52,3.71875
31375,71.53,3.71875
31379,71.54,3.71875
31384,71.55,3.71875
31388,71.56,3.71875
31393,71.57,3.71875
31398,71.58,3.71875
31402,71.59,3.71875
31407,71.6,3.71875
31412,71.61,3.71875
31416,71.62,3.71875
31421,71.63,3.71875
31425,71.64,3.71875
31430,71.65,3.71875
31435,71.66,3.71875
31439,71.67,3.71875
31444,71.68,3.71875
31449,71.69,3.71875
31453,71.7,3.71875
31458,71.71,3.71875
31462,71.72,3.71875
31467,71.73,3.71875
31472,71.74,3.7181249999999997
31476,71.75,3.7181249999999997
31481,71.76,3.7175
31485,71.77,3.7175
31490,71.78,3.7175
31495,71.79,3.7181249999999997
31499,71.8,3.7175
31504,71.81,3.7175
31508,71.82,3.7175
31513,71.83,3.7175
31518,71.84,3.7175
31522,71.85,3.7175
31527,71.86,3.7175
31531,71.87,3.7175
31536,71.88,3.7175
31541,71.89,3.7175
31545,71.9,3.7175
31550,71.91,3.7175
31555,71.92,3.7175
31559,71.93,3.716875
31564,71.94,3.7175
31568,71.95,3.716875
31573,71.96,3.716875
31578,71.97,3.716875
31582,71.98,3.716875
31587,71.99,3.71625
31592,72.0,3.71625
31596,72.01,3.71625
31601,72.02,3.71625
31606,72.03,3.71625
31610,72.04,3.71625
31615,72.05,3.71625
31619,72.06,3.71625
31624,72.07,3.71625
31629,72.08,3.71625
31633,72.09,3.71625
31638,72.1,3.71625
31642,72.11,3.71625
31647,72.12,3.71625
31652,72.13,3.71625
31656,72.14,3.71625
31661,72.15,3.71625
31665,72.16,3.71625
31670,72.17,3.71625
31675,72.18,3.71625
31679,72.19,3.71625
31684,72.2,3.71625
31689,72.21,3.71625
31693,72.22,3.71625
31698,72.23,3.71625
31702,72.24,3.71625
31707,72.25,3.71625
31712,72.26,3.715625
31716,72.27,3.71625
31721,72.28,3.71625
31725,72.29,3.715625
31730,72.3,3.71625
31735,72.31,3.71625
31739,72.32,3.71625
31744,72.33,3.71625
31748,72.34,3.71625
31753,72.35,3.715625
31758,72.36,3.715
31762,72.37,3.715
31767,72.38,3.715
31772,72.39,3.715
31776,72.4,3.715
31781,72.41,3.715
31785,72.42,3.715
31790,72.43,3.715
31795,72.44,3.715
31799,72.45,3.715
31804,72.46,3.715
31808,72.47,3.715
31813,72.48,3.715
31818,72.49,3.715
31822,72.5,3.715
31827,72.51,3.715
31831,72.52,3.715
31836,72.53,3.715
31840,72.54,3.715
31845,72.55,3.715
31849,72.56,3.715
31854,72.57,3.715
31859,72.58,3.715
31863,72.59,3.715
31868,72.6,3.715
31872,72.61,3.715
31877,72.62,3.715
31881,72.63,3.715
31886,72.64,3.715
31891,72.65,3.715
31895,72.66,3.715
31900,72.67,3.715
31904,72.68,3.715
31909,72.69,3.715
31913,72.7,3.715
31918,72.71,3.714375
31923,72.72,3.714375
31927,72.73,3.714375
31932,72.74,3.71375
31936,72.75,3.714375
31941,72.76,3.71375
31945,72.77,3.71375
31950,72.78,3.71375
31955,72.79,3.71375
31959,72.8,3.71375
31964,72.81,3.71375
31968,72.82,3.71375
31973,72.83,3.71375
31978,72.84,3.71375
31982,72.85,3.71375
31987,72.86,3.71375
31991,72.87,3.71375
31996,72.88,3.71375
32001,72.89,3.71375
32005,72.9,3.71375
32010,72.91,3.71375
32014,72.92,3.71375
32019,72.93,3.71375
32024,72.94,3.71375
32028,72.95,3.71375
32033,72.96,3.71375
32037,72.97,3.71375
32042,72.98,3.71375
32046,72.99,3.71375
32051,73.0,3.71375
32056,73.01,3.713125
32060,73.02,3.71375
32065,73.03,3.71375
32069,73.04,3.713125
32074,73.05,3.713125
32078,73.06,3.7125
32083,73.07,3.71375
32088,73.08,3.7125
32092,73.09,3.7125
32097,73.1,3.7125
32101,73.11,3.7125
32106,73.12,3.7125
32110,73.13,3.7125
32115,73.14,3.7125
32120,73.15,3.7125
32124,73.16,3.7125
32129,73.17,3.7125
32133,73.18,3.7125
32138,73.19,3.7125
32142,73.2,3.7125
32147,73.21,3.7125
32152,73.22,3.7125
32156,73.23,3.7125
32161,73.24,3.7125
32165,73.25,3.7125
32170,73.26,3.7125
32175,73.27,3.7125
32179,73.28,3.7125
32184,73.29,3.711875
32188,73.3,3.71125
32193,73.31,3.71125
32198,73.32,3.71125
32202,73.33,3.71125
32207,73.34,3.71125
32212,73.35,3.71125
32216,73.36,3.71125
32221,73.37,3.71125
32225,73.38,3.71125
32230,73.39,3.71125
32235,73.4,3.71125
32239,73.41,3.71125
32244,73.42,3.71125
32248,73.43,3.71125
32253,73.44,3.71125
32257,73.45,3.71125
32262,73.46,3.71125
32267,73.47,3.71125
32271,73.48,3.71125
32276,73.49,3.71125
32280,73.5,3.71125
32285,73.51,3.71125
32289,73.52,3.71125
32294,73.53,3.71125
32299,73.54,3.71125
32303,73.55,3.71125
32308,73.56,3.71125
32312,73.57,3.71125
32317,73.58,3.71125
32321,73.59,3.71125
32326,73.6,3.71125
32331,73.61,3.71125
32335,73.62,3.71125
32340,73.63,3.71125
32344,73.64,3.71125
32349,73.65,3.71125
32353,73.66,3.71125
32358,73.67,3.71125
32363,73.68,3.7106250000000003
32367,73.69,3.7106250000000003
32372,73.7,3.7106250000000003
32376,73.71,3.71
32381,73.72,3.71
32385,73.73,3.71
32390,73.74,3.71
32395,73.75,3.71
32399,73.76,3.71
32404,73.77,3.71
32408,73.78,3.71
32413,73.79,3.71
32418,73.8,3.71
32422,73.81,3.71
32427,73.82,3.71
32431,73.83,3.71
32436,73.84,3.71
32440,73.85,3.71
32445,73.86,3.71
32450,73.87,3.71
32454,73.88,3.71
32459,73.89,3.71
32463,73.9,3.71
32468,73.91,3.71
32473,73.92,3.71
32477,73.93,3.71
32482,73.94,3.71
32486,73.95,3.71
32491,73.96,3.71
32496,73.97,3.71
32500,73.98,3.709375
32505,73.99,3.71
32509,74.0,3.71
32514,74.01,3.71
32518,74.02,3.71
32523,74.03,3.709375
32528,74.04,3.709375
32532,74.05,3.709375
32537,74.06,3.70875
32541,74.07,3.709375
32546,74.08,3.70875
32551,74.09,3.709375
32555,74.1,3.70875
32560,74.11,3.70875
32565,74.12,3.70875
32569,74.13,3.70875
32574,74.14,3.70875
32578,74.15,3.70875
32583,74.16,3.70875
32588,74.17,3.70875
32592,74.18,3.70875
32597,74.19,3.70875
32601,74.2,3.70875
32606,74.21,3.708125
32611,74.22,3.70875
32615,74.23,3.70875
32620,74.24,3.708125
32625,74.25,3.708125
32629,74.26,3.7075
32634,74.27,3.708125
32639,74.28,3.7075
32643,74.29,3.7075
32648,74.3,3.708125
32652,74.31,3.708125
32657,74.32,3.7075
32662,74.33,3.7075
32666,74.34,3.7075
32671,74.35,3.7075
32676,74.36,3.7075
32680,74.37,3.7075
32685,74.38,3.7075
32689,74.39,3.7075
32694,74.4,3.7075
32699,74.41,3.7075
32703,74.42,3.7075
32708,74.43,3.7075
32713,74.44,3.7075
32717,74.45,3.7075
32722,74.46,3.7075
32726,74.47,3.7075
32731,74.48,3.7075
32736,74.49,3.7075
32740,74.5,3.7075
32745,74.51,3.7075
32750,74.52,3.7075
32754,74.53,3.7075
32759,74.54,3.7075
32763,74.55,3.7075
32768,74.56,3.7075
32773,74.57,3.7075
32777,74.58,3.7075
32782,74.59,3.7075
32786,74.6,3.7075
32791,74.61,3.7075
32796,74.62,3.7075
32800,74.63,3.706875
32805,74.64,3.7075
32809,74.65,3.7075
32814,74.66,3.7075
32819,74.67,3.7075
32823,74.68,3.706875
32828,74.69,3.70625
32833,74.7,3.70625
32837,74.71,3.70625
32842,74.72,3.70625
32846,74.73,3.70625
32851,74.74,3.70625
32856,74.75,3.70625
32860,74.76,3.70625
32865,74.77,3.70625
32869,74.78,3.70625
32874,74.79,3.70625
32879,74.8,3.70625
32883,74.81,3.70625
32888,74.82,3.70625
32893,74.83,3.70625
32897,74.84,3.70625
32902,74.85,3.70625
32906,74.86,3.70625
32911,74.87,3.70625
32916,74.88,3.70625
32920,74.89,3.70625
32925,74.9,3.70625
32929,74.91,3.70625
32934,74.92,3.705
32939,74.93,3.70625
32943,74.94,3.70625
32948,74.95,3.70625
32953,74.96,3.70625
32957,74.97,3.70625
32962,74.98,3.705625
32966,74.99,3.70625
32971,75.0,3.70625
32976,75.01,3.705625
32980,75.02,3.70625
32985,75.03,3.705625
32990,75.04,3.705625
32994,75.05,3.705625
32999,75.06,3.705
33003,75.07,3.705
33008,75.08,3.705
33013,75.09,3.705
33017,75.1,3.705
33022,75.11,3.705
33027,75.12,3.705
33031,75.13,3.705
33036,75.14,3.705
33040,75.15,3.705
33045,75.16,3.705
33050,75.17,3.705
33054,75.18,3.705
33059,75.19,3.705
33064,75.2,3.705
33068,75.21,3.705
33073,75.22,3.705
33077,75.23,3.705
33082,75.24,3.705
33087,75.25,3.705
33091,75.26,3.705
33096,75.27,3.705
33100,75.28,3.705
33105,75.29,3.705
33110,75.3,3.705
33114,75.31,3.705
33119,75.32,3.705
33124,75.33,3.705
33128,75.34,3.705
33133,75.35,3.7043749999999998
33137,75.36,3.705
33142,75.37,3.705
33147,75.38,3.7043749999999998
33151,75.39,3.7043749999999998
33156,75.4,3.705
33160,75.41,3.70375
33165,75.42,3.70375
33170,75.43,3.70375
33174,75.44,3.70375
33179,75.45,3.70375
33184,75.46,3.70375
33188,75.47,3.70375
33193,75.48,3.70375
33198,75.49,3.70375
33202,75.5,3.70375
33207,75.51,3.70375
33211,75.52,3.70375
33216,75.53,3.70375
33221,75.54,3.70375
33225,75.55,3.70375
33230,75.56,3.70375
33235,75.57,3.70375
33239,75.58,3.70375
33244,75.59,3.703125
33249,75.6,3.70375
33253,75.61,3.703125
33258,75.62,3.70375
33262,75.63,3.70375
33267,75.64,3.7025
33272,75.65,3.7025
33276,75.66,3.7025
33281,75.67,3.7025
33286,75.68,3.70375
33290,75.69,3.703125
33295,75.7,3.7025
33300,75.71,3.703125
33304,75.72,3.703125
33309,75.73,3.7025
33313,75.74,3.703125
33318,75.75,3.703125
33323,75.76,3.7025
33327,75.77,3.7025
33332,75.78,3.7025
33337,75.79,3.7025
33341,75.8,3.7025
33346,75.81,3.7025
33350,75.82,3.7025
33355,75.83,3.7025
33360,75.84,3.7025
33364,75.85,3.7025
33369,75.86,3.7025
33374,75.87,3.7025
33378,75.88,3.7025
33383,75.89,3.7025
33387,75.9,3.7025
33392,75.91,3.7025
33397,75.92,3.7025
33401,75.93,3.7025
33406,75.94,3.7025
33410,75.95,3.7025
33415,75.96,3.7025
33420,75.97,3.7025
33424,75.98,3.7025
33429,75.99,3.7025
33434,76.0,3.7025
33438,76.01,3.7025
33443,76.02,3.7025
33447,76.03,3.7018750000000002
33452,76.04,3.7018750000000002
33457,76.05,3.7018750000000002
33461,76.06,3.7018750000000002
33466,76.07,3.7018750000000002
33470,76.08,3.70125
33475,76.09,3.70125
33480,76.1,3.70125
33484,76.11,3.70125
33489,76.12,3.70125
33494,76.13,3.70125
33498,76.14,3.70125
33503,76.15,3.70125
33507,76.16,3.70125
33512,76.17,3.70125
33517,76.18,3.70125
33521,76.19,3.70125
33526,76.2,3.70125
33531,76.21,3.70125
33535,76.22,3.70125
33540,76.23,3.70125
33544,76.24,3.70125
33549,76.25,3.70125
33553,76.26,3.70125
33558,76.27,3.70125
33563,76.28,3.70125
33567,76.29,3.70125
33572,76.3,3.70125
33576,76.31,3.70125
33581,76.32,3.70125
33586,76.33,3.70125
33590,76.34,3.70125
33595,76.35,3.700625
33600,76.36,3.70125
33604,76.37,3.70125
33609,76.38,3.700625
33613,76.39,3.7
33618,76.4,3.7
33623,76.41,3.7
33627,76.42,3.7
33632,76.43,3.7
33637,76.44,3.700625
33641,76.45,3.7
33646,76.46,3.7
33651,76.47,3.7
33655,76.48,3.7
33660,76.49,3.7
33665,76.5,3.7
33669,76.51,3.7
33674,76.52,3.7
33678,76.53,3.7
33683,76.54,3.7
33688,76.55,3.7
33692,76.56,3.7
33697,76.57,3.7
33702,76.58,3.7
33706,76.59,3.7
33711,76.6,3.7
33716,76.61,3.7
33720,76.62,3.7
33725,76.63,3.7
33729,76.64,3.7
33734,76.65,3.7
33739,76.66,3.7
33743,76.67,3.7
33748,76.68,3.7
33753,76.69,3.7
33757,76.7,3.699375
33762,76.71,3.7
33766,76.72,3.7
33771,76.73,3.7
33776,76.74,3.7
33780,76.75,3.7
33785,76.76,3.7
33790,76.77,3.699375
33794,76.78,3.699375
33799,76.79,3.69875
33803,76.8,3.69875
33808,76.81,3.69875
33813,76.82,3.699375
33817,76.83,3.69875
33822,76.84,3.69875
33827,76.85,3.69875
33831,76.86,3.69875
33836,76.87,3.69875
33840,76.88,3.69875
33845,76.89,3.69875
33850,76.9,3.69875
33854,76.91,3.69875
33859,76.92,3.69875
33864,76.93,3.69875
33868,76.94,3.69875
33873,76.95,3.69875
33877,76.96,3.69875
33882,76.97,3.69875
33887,76.98,3.69875
33891,76.99,3.69875
33896,77.0,3.69875
33900,77.01,3.69875
33905,77.02,3.69875
33910,77.03,3.69875
33914,77.04,3.69875
33919,77.05,3.69875
33923,77.06,3.698125
33928,77.07,3.69875
33933,77.08,3.69875
33937,77.09,3.69875
33942,77.1,3.69875
33947,77.11,3.6975
33951,77.12,3.6975
33956,77.13,3.698125
33960,77.14,3.6975
33965,77.15,3.6975
33970,77.16,3.6975
33974,77.17,3.6975
33979,77.18,3.6975
33984,77.19,3.6975
33988,77.2,3.6975
33993,77.21,3.6975
33998,77.22,3.6975
34002,77.23,3.6975
34007,77.24,3.6975
34011,77.25,3.6975
34016,77.26,3.6975
34021,77.27,3.6975
34025,77.28,3.6975
34030,77.29,3.6975
34035,77.3,3.6975
34039,77.31,3.6975
34044,77.32,3.6975
34049,77.33,3.6975
34053,77.34,3.6975
34058,77.35,3.6975
34063,77.36,3.696875
34067,77.37,3.6975
34072,77.38,3.6975
34076,77.39,3.6975
34081,77.4,3.6975
34086,77.41,3.6975
34090,77.42,3.6975
34095,77.43,3.6975
34100,77.44,3.69625
34104,77.45,3.69625
34109,77.46,3.69625
34113,77.47,3.696875
34118,77.48,3.69625
34123,77.49,3.69625
34127,77.5,3.69625
34132,77.51,3.69625
34137,77.52,3.69625
34141,77.53,3.69625
34146,77.54,3.69625
34150,77.55,3.69625
34155,77.56,3.69625
34160,77.57,3.69625
34164,77.58,3.69625
34169,77.59,3.69625
34173,77.6,3.69625
34178,77.61,3.69625
34183,77.62,3.69625
34187,77.63,3.69625
34192,77.64,3.69625
34196,77.65,3.69625
34201,77.66,3.69625
34205,77.67,3.69625
34210,77.68,3.69625
34215,77.69,3.69625
34219,77.7,3.69625
34224,77.71,3.695
34228,77.72,3.6956249999999997
34233,77.73,3.6956249999999997
34238,77.74,3.695
34242,77.75,3.695
34247,77.76,3.695
34252,77.77,3.695
34256,77.78,3.695
34261,77.79,3.695
34266,77.8,3.695
34270,77.81,3.695
34275,77.82,3.695
34280,77.83,3.695
34284,77.84,3.695
34289,77.85,3.695
34294,77.86,3.695
34298,77.87,3.695
34303,77.88,3.695
34307,77.89,3.695
34312,77.9,3.695
34317,77.91,3.695
34321,77.92,3.695
34326,77.93,3.695
34331,77.94,3.695
34335,77.95,3.695
34340,77.96,3.695
34345,77.97,3.695
34349,77.98,3.695
34354,77.99,3.695
34359,78.0,3.695
34363,78.01,3.695
34368,78.02,3.695
34372,78.03,3.695
34377,78.04,3.695
34382,78.05,3.695
34386,78.06,3.695
34391,78.07,3.695
34396,78.08,3.695
34400,78.09,3.694375
34405,78.1,3.694375
34410,78.11,3.694375
34414,78.12,3.69375
34419,78.13,3.69375
34423,78.14,3.69375
34428,78.15,3.69375
34433,78.16,3.69375
34437,78.17,3.69375
34442,78.18,3.69375
34447,78.19,3.69375
34451,78.2,3.69375
34456,78.21,3.69375
34460,78.22,3.69375
34465,78.23,3.69375
34470,78.24,3.69375
34474,78.25,3.69375
34479,78.26,3.69375
34483,78.27,3.69375
34488,78.28,3.69375
34493,78.29,3.69375
34497,78.3,3.69375
34502,78.31,3.69375
34506,78.32,3.69375
34511,78.33,3.69375
34516,78.34,3.69375
34520,78.35,3.69375
34525,78.36,3.69375
34529,78.37,3.69375
34534,78.38,3.69375
34539,78.39,3.69375
34543,78.4,3.69375
34548,78.41,3.69375
34552,78.42,3.69375
34557,78.43,3.69375
34562,78.44,3.69375
34566,78.45,3.69375
34571,78.46,3.693125
34576,78.47,3.69375
34580,78.48,3.6925
34585,78.49,3.6925
34589,78.5,3.6925
34594,78.51,3.6925
34599,78.52,3.6925
34603,78.53,3.6925
34608,78.54,3.6925
34613,78.55,3.6925
34617,78.56,3.6925
34622,78.57,3.6925
34627,78.58,3.6925
34631,78.59,3.6925
34636,78.6,3.6925
34641,78.61,3.6925
34645,78.62,3.6925
34650,78.63,3.6925
34654,78.64,3.6925
34659,78.65,3.6925
34664,78.66,3.6925
34668,78.67,3.6925
34673,78.68,3.6925
34678,78.69,3.6925
34682,78.7,3.6925
34687,78.71,3.6925
34691,78.72,3.6925
34696,78.73,3.6925
34701,78.74,3.6925
34705,78.75,3.6925
34710,78.76,3.6925
34715,78.77,3.6925
34719,78.78,3.6925
34724,78.79,3.6925
34728,78.8,3.6925
34733,78.81,3.6925
34738,78.82,3.691875
34742,78.83,3.69125
34747,78.84,3.69125
34751,78.85,3.69125
34756,78.86,3.691875
34761,78.87,3.69125
34765,78.88,3.69125
34770,78.89,3.69125
34775,78.9,3.69125
34779,78.91,3.69125
34784,78.92,3.69125
34789,78.93,3.69125
34793,78.94,3.69125
34798,78.95,3.69125
34802,78.96,3.69125
34807,78.97,3.69125
34812,78.98,3.69125
34816,78.99,3.69125
34821,79.0,3.69125
34826,79.01,3.69125
34830,79.02,3.69125
34835,79.03,3.69125
34839,79.04,3.69125
34844,79.05,3.690625
34849,79.06,3.69125
34853,79.07,3.69125
34858,79.08,3.690625
34863,79.09,3.690625
34867,79.1,3.69
34872,79.11,3.690625
34876,79.12,3.690625
34881,79.13,3.69
34886,79.14,3.69
34890,79.15,3.69
34895,79.16,3.69
34900,79.17,3.69
34904,79.18,3.69
34909,79.19,3.69
34913,79.2,3.69
34918,79.21,3.69
34923,79.22,3.69
34927,79.23,3.69
34932,79.24,3.69
34937,79.25,3.69
34941,79.26,3.69
34946,79.27,3.69
34950,79.28,3.69
34955,79.29,3.69
34960,79.3,3.69
34964,79.31,3.69
34969,79.32,3.69
34973,79.33,3.69
34978,79.34,3.69
34983,79.35,3.69
34987,79.36,3.69
34992,79.37,3.69
34997,79.38,3.69
35001,79.39,3.69
35006,79.4,3.69
35010,79.41,3.69
35015,79.42,3.69
35020,79.43,3.689375
35024,79.44,3.69
35029,79.45,3.68875
35034,79.46,3.68875
35038,79.47,3.68875
35043,79.48,3.68875
35047,79.49,3.68875
35052,79.5,3.68875
35057,79.51,3.68875
35061,79.52,3.68875
35066,79.53,3.68875
35070,79.54,3.68875
35075,79.55,3.68875
35079,79.56,3.68875
35084,79.57,3.68875
35089,79.58,3.68875
35093,79.59,3.68875
35098,79.6,3.68875
35102,79.61,3.68875
35107,79.62,3.68875
35112,79.63,3.68875
35116,79.64,3.68875
35121,79.65,3.68875
35125,79.66,3.68875
35130,79.67,3.68875
35135,79.68,3.68875
35139,79.69,3.68875
35144,79.7,3.68875
35148,79.71,3.68875
35153,79.72,3.68875
35158,79.73,3.68875
35162,79.74,3.68875
35167,79.75,3.6881250000000003
35172,79.76,3.68875
35176,79.77,3.68875
35181,79.78,3.6881250000000003
35186,79.79,3.6875
35190,79.8,3.6875
35195,79.81,3.6875
35200,79.82,3.6875
35204,79.83,3.6875
35209,79.84,3.6875
35213,79.85,3.6875
35218,79.86,3.6875
35223,79.87,3.6875
35227,79.88,3.6875
35232,79.89,3.6875
35237,79.9,3.6875
35241,79.91,3.6875
35246,79.92,3.6875
35251,79.93,3.6875
35255,79.94,3.6875
35260,79.95,3.6875
35265,79.96,3.6875
35269,79.97,3.6875
35274,79.98,3.6875
35279,79.99,3.6875
35283,80.0,3.6875
35288,80.01,3.6875
35293,80.02,3.68625
35297,80.03,3.6868749999999997
35302,80.04,3.6868749999999997
35307,80.05,3.68625
35311,80.06,3.68625
35316,80.07,3.68625
35321,80.08,3.68625
35325,80.09,3.68625
35330,80.1,3.68625
35334,80.11,3.68625
35339,80.12,3.68625
35344,80.13,3.68625
35348,80.14,3.68625
35353,80.15,3.68625
35358,80.16,3.68625
35362,80.17,3.68625
35367,80.18,3.68625
35372,80.19,3.68625
35376,80.2,3.68625
35381,80.21,3.68625
35386,80.22,3.68625
35390,80.23,3.68625
35395,80.24,3.68625
35400,80.25,3.68625
35404,80.26,3.68625
35409,80.27,3.68625
35413,80.28,3.68625
35418,80.29,3.68625
35423,80.3,3.68625
35427,80.31,3.685
35432,80.32,3.68625
35437,80.33,3.68625
35441,80.34,3.685
35446,80.35,3.685625
35451,80.36,3.685
35455,80.37,3.685
35460,80.38,3.685
35465,80.39,3.685
35469,80.4,3.685
35474,80.41,3.685
35478,80.42,3.685
35483,80.43,3.685
35488,80.44,3.685
35492,80.45,3.685
35497,80.46,3.685
35502,80.47,3.685
35506,80.48,3.685
35511,80.49,3.685
35516,80.5,3.685
35520,80.51,3.685
35525,80.52,3.685
35529,80.53,3.685
35534,80.54,3.685
35539,80.55,3.685
35543,80.56,3.685
35548,80.57,3.685
35552,80.58,3.685
35557,80.59,3.685
35562,80.6,3.685
35566,80.61,3.685
35571,80.62,3.685
35575,80.63,3.685
35580,80.64,3.685
35585,80.65,3.684375
35589,80.66,3.685
35594,80.67,3.684375
35598,80.68,3.684375
35603,80.69,3.685
35608,80.7,3.684375
35612,80.71,3.68375
35617,80.72,3.68375
35622,80.73,3.68375
35626,80.74,3.68375
35631,80.75,3.68375
35635,80.76,3.68375
35640,80.77,3.68375
35645,80.78,3.68375
35649,80.79,3.68375
35654,80.8,3.68375
35658,80.81,3.68375
35663,80.82,3.68375
35668,80.83,3.68375
35672,80.84,3.68375
35677,80.85,3.68375
35682,80.86,3.68375
35686,80.87,3.68375
35691,80.88,3.68375
35696,80.89,3.68375
35700,80.9,3.68375
35705,80.91,3.68375
35709,80.92,3.68375
35714,80.93,3.68375
35719,80.94,3.68375
35723,80.95,3.68375
35728,80.96,3.68375
35733,80.97,3.68375
35737,80.98,3.68375
35742,80.99,3.683125
35747,81.0,3.683125
35751,81.01,3.683125
35756,81.02,3.6825
35761,81.03,3.683125
35765,81.04,3.6825
35770,81.05,3.6825
35775,81.06,3.6825
35779,81.07,3.6825
35784,81.08,3.6825
35789,81.09,3.6825
35793,81.1,3.6825
35798,81.11,3.6825
35803,81.12,3.6825
35807,81.13,3.6825
35812,81.14,3.6825
35817,81.15,3.6825
35821,81.16,3.6825
35826,81.17,3.6825
35831,81.18,3.6825
35835,81.19,3.6825
35840,81.2,3.6825
35844,81.21,3.68125
35849,81.22,3.68125
35854,81.23,3.68125
35858,81.24,3.68125
35863,81.25,3.68125
35868,81.26,3.68125
35872,81.27,3.68125
35877,81.28,3.68125
35882,81.29,3.68125
35886,81.3,3.68125
35891,81.31,3.68125
35896,81.32,3.68125
35900,81.33,3.68125
35905,81.34,3.68125
35910,81.35,3.68125
35914,81.36,3.68125
35919,81.37,3.68125
35924,81.38,3.68125
35928,81.39,3.68125
35933,81.4,3.68125
35938,81.41,3.68125
35942,81.42,3.68125
35947,81.43,3.68125
35952,81.44,3.68125
35956,81.45,3.68125
35961,81.46,3.68125
35965,81.47,3.68125
35970,81.48,3.68125
35975,81.49,3.68125
35979,81.5,3.68125
35984,81.51,3.68
35989,81.52,3.68
35993,81.53,3.680625
35998,81.54,3.680625
36002,81.55,3.68
36007,81.56,3.68
36012,81.57,3.68
36016,81.58,3.68
36021,81.59,3.68
36026,81.6,3.68
36030,81.61,3.68
36035,81.62,3.68
36040,81.63,3.68
36044,81.64,3.68
36049,81.65,3.68
36054,81.66,3.68
36058,81.67,3.68
36063,81.68,3.68
36068,81.69,3.68
36072,81.7,3.68
36077,81.71,3.68
36082,81.72,3.68
36086,81.73,3.68
36091,81.74,3.68
36095,81.75,3.68
36100,81.76,3.68
36105,81.77,3.68
36109,81.78,3.68
36114,81.79,3.68
36119,81.8,3.68
36123,81.81,3.6793750000000003
36128,81.82,3.67875
36132,81.83,3.67875
36137,81.84,3.67875
36142,81.85,3.67875
36146,81.86,3.67875
36151,81.87,3.67875
36156,81.88,3.67875
36160,81.89,3.67875
36165,81.9,3.67875
36170,81.91,3.67875
36174,81.92,3.67875
36179,81.93,3.67875
36184,81.94,3.67875
36188,81.95,3.67875
36193,81.96,3.67875
36198,81.97,3.67875
36202,81.98,3.67875
36207,81.99,3.67875
36212,82.0,3.67875
36216,82.01,3.67875
36221,82.02,3.67875
36225,82.03,3.67875
36230,82.04,3.67875
36235,82.05,3.67875
36239,82.06,3.678125
36244,82.07,3.678125
36249,82.08,3.678125
36253,82.09,3.6775
36258,82.1,3.6775
36263,82.11,3.6775
36267,82.12,3.678125
36272,82.13,3.678125
36277,82.14,3.6775
36281,82.15,3.6775
36286,82.16,3.6775
36291,82.17,3.6775
36295,82.18,3.6775
36300,82.19,3.6775
36304,82.2,3.6775
36309,82.21,3.6775
36314,82.22,3.6775
36318,82.23,3.6775
36323,82.24,3.6775
36328,82.25,3.6775
36332,82.26,3.6775
36337,82.27,3.6775
36342,82.28,3.6775
36346,82.29,3.6775
36351,82.3,3.6775
36355,82.31,3.6775
36360,82.32,3.6775
36365,82.33,3.6775
36369,82.34,3.6775
36374,82.35,3.676875
36379,82.36,3.67625
36383,82.37,3.67625
36388,82.38,3.67625
36393,82.39,3.67625
36397,82.4,3.67625
36402,82.41,3.67625
36407,82.42,3.67625
36411,82.43,3.67625
36416,82.44,3.67625
36421,82.45,3.67625
36425,82.46,3.67625
36430,82.47,3.67625
36435,82.48,3.67625
36439,82.49,3.67625
36444,82.5,3.67625
36448,82.51,3.67625
36453,82.52,3.67625
36458,82.53,3.67625
36462,82.54,3.67625
36467,82.55,3.67625
36472,82.56,3.67625
36476,82.57,3.675625
36481,82.58,3.67625
36486,82.59,3.67625
36490,82.6,3.675
36495,82.61,3.675
36499,82.62,3.675
36504,82.63,3.675
36509,82.64,3.675
36513,82.65,3.675
36518,82.66,3.675
36523,82.67,3.675
36527,82.68,3.675
36532,82.69,3.675
36537,82.7,3.675
36541,82.71,3.675
36546,82.72,3.675
36551,82.73,3.675
36555,82.74,3.675
36560,82.75,3.675
36564,82.76,3.675
36569,82.77,3.675
36574,82.78,3.675
36578,82.79,3.675
36583,82.8,3.675
36588,82.81,3.675
36592,82.82,3.67375
36597,82.83,3.674375
36602,82.84,3.67375
36606,82.85,3.675
36611,82.86,3.674375
36616,82.87,3.67375
36620,82.88,3.67375
36625,82.89,3.67375
36630,82.9,3.67375
36634,82.91,3.67375
36639,82.92,3.67375
36643,82.93,3.67375
36648,82.94,3.67375
36653,82.95,3.67375
36657,82.96,3.67375
36662,82.97,3.67375
36667,82.98,3.67375
36671,82.99,3.67375
36676,83.0,3.67375
36680,83.01,3.67375
36685,83.02,3.67375
36690,83.03,3.67375
36694,83.04,3.67375
36699,83.05,3.6731249999999998
36704,83.06,3.67375
36708,83.07,3.6731249999999998
36713,83.08,3.6725
36717,83.09,3.6725
36722,83.1,3.6725
36727,83.11,3.6725
36731,83.12,3.6725
36736,83.13,3.6725
36740,83.14,3.6725
36745,83.15,3.6725
36750,83.16,3.6725
36754,83.17,3.6725
36759,83.18,3.6725
36763,83.19,3.6725
36768,83.2,3.6725
36773,83.21,3.6725
36777,83.22,3.6725
36782,83.23,3.6725
36787,83.24,3.6725
36791,83.25,3.6725
36796,83.26,3.6725
36800,83.27,3.6725
36805,83.28,3.6725
36810,83.29,3.6725
36814,83.3,3.6725
36819,83.31,3.671875
36824,83.32,3.67125
36828,83.33,3.67125
36833,83.34,3.67125
36838,83.35,3.67125
36842,83.36,3.67125
36847,83.37,3.67125
36851,83.38,3.67125
36856,83.39,3.67125
36861,83.4,3.67125
36865,83.41,3.67125
36870,83.42,3.67125
36875,83.43,3.67125
36879,83.44,3.67125
36884,83.45,3.67125
36889,83.46,3.67125
36893,83.47,3.67125
36898,83.48,3.67125
36903,83.49,3.67125
36907,83.5,3.67125
36912,83.51,3.67125
36917,83.52,3.67125
36921,83.53,3.6706250000000002
36926,83.54,3.6706250000000002
36931,83.55,3.67
36935,83.56,3.67
36940,83.57,3.67
36945,83.58,3.67
36949,83.59,3.67
36954,83.6,3.67
36959,83.61,3.67
36963,83.62,3.67
36968,83.63,3.67
36973,83.64,3.67
36977,83.65,3.67
36982,83.66,3.67
36987,83.67,3.67
36991,83.68,3.67
36996,83.69,3.67
37001,83.7,3.67
37005,83.71,3.67
37010,83.72,3.67
37015,83.73,3.67
37019,83.74,3.67
37024,83.75,3.669375
37029,83.76,3.66875
37033,83.77,3.669375
37038,83.78,3.66875
37043,83.79,3.66875
37047,83.8,3.66875
37052,83.81,3.66875
37057,83.82,3.66875
37061,83.83,3.66875
37066,83.84,3.66875
37071,83.85,3.66875
37075,83.86,3.66875
37080,83.87,3.66875
37085,83.88,3.66875
37089,83.89,3.66875
37094,83.9,3.66875
37099,83.91,3.66875
37103,83.92,3.66875
37108,83.93,3.66875
37113,83.94,3.66875
37117,83.95,3.66875
37122,83.96,3.66875
37126,83.97,3.668125
37131,83.98,3.668125
37136,83.99,3.6675
37140,84.0,3.668125
37145,84.01,3.6675
37150,84.02,3.6675
37154,84.03,3.6675
37159,84.04,3.6675
37164,84.05,3.6675
37168,84.06,3.6675
37173,84.07,3.6675
37178,84.08,3.6675
37182,84.09,3.6675
37187,84.1,3.6675
37192,84.11,3.6675
37196,84.12,3.6675
37201,84.13,3.6675
37206,84.14,3.6675
37210,84.15,3.6675
37215,84.16,3.6675
37219,84.17,3.6675
37224,84.18,3.666875
37229,84.19,3.66625
37233,84.2,3.66625
37238,84.21,3.66625
37243,84.22,3.66625
37247,84.23,3.66625
37252,84.24,3.66625
37257,84.25,3.66625
37261,84.26,3.66625
37266,84.27,3.66625
37271,84.28,3.66625
37275,84.29,3.66625
37280,84.3,3.66625
37285,84.31,3.66625
37289,84.32,3.66625
37294,84.33,3.66625
37299,84.34,3.66625
37303,84.35,3.66625
37308,84.36,3.66625
37313,84.37,3.66625
37317,84.38,3.66625
37322,84.39,3.66625
37326,84.4,3.66625
37331,84.41,3.665625
37336,84.42,3.66625
37340,84.43,3.665
37345,84.44,3.665
37350,84.45,3.665625
37354,84.46,3.665
37359,84.47,3.665
37363,84.48,3.665
37368,84.49,3.665
37373,84.5,3.665
37377,84.51,3.665
37382,84.52,3.665
37386,84.53,3.665
37391,84.54,3.665
37396,84.55,3.665
37400,84.56,3.6643749999999997
37405,84.57,3.66375
37410,84.58,3.66375
37415,84.59,3.66375
37419,84.6,3.66375
37424,84.61,3.66375
37429,84.62,3.66375
37433,84.63,3.66375
37438,84.64,3.66375
37443,84.65,3.66375
37447,84.66,3.66375
37452,84.67,3.66375
37457,84.68,3.66375
37461,84.69,3.66375
37466,84.7,3.66375
37471,84.71,3.66375
37475,84.72,3.66375
37480,84.73,3.66375
37485,84.74,3.66375
37489,84.75,3.66375
37494,84.76,3.66375
37499,84.77,3.663125
37503,84.78,3.663125
37508,84.79,3.6625
37513,84.8,3.663125
37517,84.81,3.6625
37522,84.82,3.6625
37527,84.83,3.6625
37532,84.84,3.6625
37536,84.85,3.6625
37541,84.86,3.663125
37545,84.87,3.663125
37550,84.88,3.6625
37555,84.89,3.6625
37560,84.9,3.6625
37564,84.91,3.6625
37569,84.92,3.6625
37574,84.93,3.6625
37578,84.94,3.6625
37583,84.95,3.6625
37588,84.96,3.6625
37592,84.97,3.6625
37597,84.98,3.6625
37602,84.99,3.6625
37606,85.0,3.6625
37611,85.01,3.661875
37616,85.02,3.661875
37620,85.03,3.661875
37625,85.04,3.6625
37630,85.05,3.6625
37634,85.06,3.661875
37639,85.07,3.661875
37644,85.08,3.661875
37648,85.09,3.66125
37653,85.1,3.66125
37658,85.11,3.66125
37662,85.12,3.66125
37667,85.13,3.66125
37672,85.14,3.66125
37676,85.15,3.66125
37681,85.16,3.66125
37686,85.17,3.66125
37690,85.18,3.66125
37695,85.19,3.66125
37700,85.2,3.66125
37704,85.21,3.66
37709,85.22,3.66125
37714,85.23,3.66125
37718,85.24,3.660625
37723,85.25,3.66
37728,85.26,3.66
37732,85.27,3.66
37737,85.28,3.66
37742,85.29,3.66
37746,85.3,3.66
37751,85.31,3.66
37756,85.32,3.66
37760,85.33,3.66
37765,85.34,3.66
37770,85.35,3.66
37774,85.36,3.66
37779,85.37,3.66
37784,85.38,3.66
37788,85.39,3.66
37793,85.4,3.66
37798,85.41,3.66
37802,85.42,3.66
37807,85.43,3.66
37812,85.44,3.66
37816,85.45,3.659375
37821,85.46,3.659375
37826,85.47,3.659375
37830,85.48,3.65875
37835,85.49,3.65875
37840,85.5,3.65875
37844,85.51,3.65875
37849,85.52,3.65875
37854,85.53,3.65875
37858,85.54,3.65875
37863,85.55,3.65875
37868,85.56,3.65875
37872,85.57,3.65875
37877,85.58,3.65875
37882,85.59,3.65875
37886,85.6,3.65875
37891,85.61,3.65875
37896,85.62,3.658125
37900,85.63,3.658125
37905,85.64,3.6575
37910,85.65,3.658125
37914,85.66,3.658125
37919,85.67,3.6575
37924,85.68,3.6575
37928,85.69,3.6575
37933,85.7,3.6575
37938,85.71,3.6575
37942,85.72,3.6575
37947,85.73,3.6575
37952,85.74,3.6575
37956,85.75,3.6575
37961,85.76,3.6575
37966,85.77,3.6575
37970,85.78,3.6575
37975,85.79,3.6575
37980,85.8,3.6575
37984,85.81,3.6575
37989,85.82,3.6575
37994,85.83,3.6575
37998,85.84,3.6575
38003,85.85,3.6575
38008,85.86,3.6575
38012,85.87,3.6575
38017,85.88,3.6568750000000003
38022,85.89,3.6568750000000003
38026,85.9,3.6568750000000003
38031,85.91,3.6575
38036,85.92,3.6575
38040,85.93,3.6575
38045,85.94,3.65625
38050,85.95,3.6568750000000003
38054,85.96,3.65625
38059,85.97,3.65625
38064,85.98,3.65625
38068,85.99,3.65625
38073,86.0,3.65625
38078,86.01,3.65625
38082,86.02,3.65625
38087,86.03,3.65625
38092,86.04,3.65625
38096,86.05,3.65625
38101,86.06,3.65625
38106,86.07,3.65625
38110,86.08,3.65625
38115,86.09,3.65625
38120,86.1,3.65625
38124,86.11,3.65625
38129,86.12,3.65625
38134,86.13,3.65625
38138,86.14,3.655
38143,86.15,3.6556249999999997
38148,86.16,3.655
38152,86.17,3.655
38157,86.18,3.655
38162,86.19,3.655
38166,86.2,3.655
38171,86.21,3.655
38176,86.22,3.655
38180,86.23,3.655
38185,86.24,3.655
38190,86.25,3.655
38194,86.26,3.655
38199,86.27,3.655
38204,86.28,3.655
38209,86.29,3.655
38213,86.3,3.655
38218,86.31,3.655
38223,86.32,3.655
38227,86.33,3.655
38232,86.34,3.654375
38237,86.35,3.655
38241,86.36,3.654375
38246,86.37,3.655
38251,86.38,3.65375
38255,86.39,3.654375
38260,86.4,3.65375
38265,86.41,3.65375
38269,86.42,3.65375
38274,86.43,3.65375
38279,86.44,3.65375
38283,86.45,3.65375
38288,86.46,3.65375
38293,86.47,3.65375
38297,86.48,3.65375
38302,86.49,3.65375
38307,86.5,3.65375
38311,86.51,3.65375
38316,86.52,3.65375
38320,86.53,3.65375
38325,86.54,3.65375
38330,86.55,3.65375
38334,86.56,3.65375
38339,86.57,3.65375
38344,86.58,3.65375
38348,86.59,3.65375
38353,86.6,3.65375
38358,86.61,3.65375
38362,86.62,3.65375
38367,86.63,3.65375
38372,86.64,3.653125
38376,86.65,3.653125
38381,86.66,3.6525
38386,86.67,3.6525
38390,86.68,3.6525
38395,86.69,3.6525
38400,86.7,3.6525
38404,86.71,3.6525
38409,86.72,3.6525
38414,86.73,3.6525
38418,86.74,3.6525
38423,86.75,3.6525
38428,86.76,3.6525
38432,86.77,3.6525
38437,86.78,3.6525
38442,86.79,3.6525
38446,86.8,3.6525
38451,86.81,3.65125
38456,86.82,3.651875
38460,86.83,3.651875
38465,86.84,3.65125
38470,86.85,3.651875
38474,86.86,3.65125
38479,86.87,3.65125
38484,86.88,3.65125
38489,86.89,3.65125
38493,86.9,3.65125
38498,86.91,3.65125
38503,86.92,3.65125
38507,86.93,3.65125
38512,86.94,3.65125
38517,86.95,3.65125
38521,86.96,3.65125
38526,86.97,3.65125
38531,86.98,3.65125
38535,86.99,3.65125
38540,87.0,3.65125
38545,87.01,3.65125
38549,87.02,3.65125
38554,87.03,3.65125
38559,87.04,3.65125
38564,87.05,3.65125
38568,87.06,3.65125
38573,87.07,3.65125
38578,87.08,3.65125
38582,87.09,3.65125
38587,87.1,3.65125
38592,87.11,3.65125
38596,87.12,3.650625
38601,87.13,3.65
38606,87.14,3.65
38610,87.15,3.65
38615,87.16,3.650625
38620,87.17,3.65
38625,87.18,3.65
38629,87.19,3.65
38634,87.2,3.65
38639,87.21,3.65
38643,87.22,3.65
38648,87.23,3.65
38653,87.24,3.65
38657,87.25,3.65
38662,87.26,3.65
38667,87.27,3.65
38671,87.28,3.65
38676,87.29,3.65
38681,87.3,3.65
38685,87.31,3.65
38690,87.32,3.65
38694,87.33,3.65
38699,87.34,3.65
38704,87.35,3.65
38708,87.36,3.65
38713,87.37,3.65
38718,87.38,3.65
38722,87.39,3.65
38727,87.4,3.65
38732,87.41,3.65
38736,87.42,3.65
38741,87.43,3.65
38745,87.44,3.65
38750,87.45,3.65
38755,87.46,3.65
38759,87.47,3.65
38764,87.48,3.65
38769,87.49,3.65
38773,87.5,3.649375
38778,87.51,3.65
38783,87.52,3.64875
38787,87.53,3.64875
38792,87.54,3.64875
38797,87.55,3.64875
38801,87.56,3.64875
38806,87.57,3.64875
38811,87.58,3.64875
38815,87.59,3.64875
38820,87.6,3.64875
38825,87.61,3.64875
38829,87.62,3.64875
38834,87.63,3.64875
38839,87.64,3.64875
38843,87.65,3.64875
38848,87.66,3.64875
38853,87.67,3.64875
38857,87.68,3.64875
38862,87.69,3.64875
38866,87.7,3.64875
38871,87.71,3.6481250000000003
38876,87.72,3.6481250000000003
38880,87.73,3.6481250000000003
38885,87.74,3.6481250000000003
38890,87.75,3.6475
38895,87.76,3.6475
38899,87.77,3.6481250000000003
38904,87.78,3.6475
38909,87.79,3.6475
38913,87.8,3.6475
38918,87.81,3.6475
38923,87.82,3.6475
38927,87.83,3.6475
38932,87.84,3.6475
38937,87.85,3.6475
38941,87.86,3.6475
38946,87.87,3.6475
38951,87.88,3.6475
38955,87.89,3.6475
38960,87.9,3.6475
38965,87.91,3.6475
38969,87.92,3.6475
38974,87.93,3.6475
38979,87.94,3.6475
38983,87.95,3.6475
38988,87.96,3.6475
38993,87.97,3.6475
38997,87.98,3.6475
39002,87.99,3.6475
39007,88.0,3.6475
39011,88.01,3.6475
39016,88.02,3.6475
39021,88.03,3.6475
39025,88.04,3.6475
39030,88.05,3.6475
39035,88.06,3.6475
39039,88.07,3.6475
39044,88.08,3.6475
39049,88.09,3.646875
39053,88.1,3.646875
39058,88.11,3.6475
39063,88.12,3.646875
39067,88.13,3.64625
39072,88.14,3.64625
39077,88.15,3.64625
39081,88.16,3.64625
39086,88.17,3.64625
39091,88.18,3.64625
39095,88.19,3.64625
39100,88.2,3.64625
39105,88.21,3.64625
39109,88.22,3.64625
39114,88.23,3.64625
39119,88.24,3.64625
39124,88.25,3.64625
39128,88.26,3.64625
39133,88.27,3.64625
39138,88.28,3.64625
39142,88.29,3.64625
39147,88.3,3.64625
39152,88.31,3.64625
39156,88.32,3.64625
39161,88.33,3.64625
39166,88.34,3.64625
39170,88.35,3.64625
39175,88.36,3.64625
39180,88.37,3.64625
39184,88.38,3.64625
39189,88.39,3.64625
39194,88.4,3.64625
39198,88.41,3.64625
39203,88.42,3.64625
39208,88.43,3.64625
39212,88.44,3.64625
39217,88.45,3.64625
39222,88.46,3.64625
39226,88.47,3.645
39231,88.48,3.645625
39236,88.49,3.645625
39240,88.5,3.64625
39245,88.51,3.645
39250,88.52,3.645625
39254,88.53,3.645625
39259,88.54,3.645
39264,88.55,3.645
39268,88.56,3.645
39273,88.57,3.645
39278,88.58,3.645
39283,88.59,3.645
39287,88.6,3.645
39292,88.61,3.645
39297,88.62,3.645
39301,88.63,3.645
39306,88.64,3.645
39311,88.65,3.645
39315,88.66,3.645
39320,88.67,3.645
39325,88.68,3.645
39329,88.69,3.645
39334,88.7,3.645
39339,88.71,3.645
39343,88.72,3.645
39348,88.73,3.645
39353,88.74,3.645
39358,88.75,3.645
39362,88.76,3.645
39367,88.77,3.645
39372,88.78,3.64375
39376,88.79,3.645
39381,88.8,3.644375
39386,88.81,3.644375
39390,88.82,3.645
39395,88.83,3.645
39400,88.84,3.645
39404,88.85,3.645
39409,88.86,3.644375
39414,88.87,3.64375
39418,88.88,3.644375
39423,88.89,3.645
39428,88.9,3.644375
39433,88.91,3.644375
39437,88.92,3.64375
39442,88.93,3.64375
39447,88.94,3.64375
39451,88.95,3.64375
39456,88.96,3.64375
39461,88.97,3.64375
39465,88.98,3.64375
39470,88.99,3.64375
39475,89.0,3.64375
39479,89.01,3.64375
39484,89.02,3.64375
39489,89.03,3.64375
39493,89.04,3.64375
39498,89.05,3.64375
39503,89.06,3.64375
39508,89.07,3.64375
39512,89.08,3.64375
39517,89.09,3.64375
39522,89.1,3.64375
39526,89.11,3.64375
39531,89.12,3.643125
39536,89.13,3.643125
39540,89.14,3.643125
39545,89.15,3.643125
39550,89.16,3.6425
39554,89.17,3.6425
39559,89.18,3.6425
39564,89.19,3.6425
39568,89.2,3.6425
39573,89.21,3.6425
39578,89.22,3.6425
39583,89.23,3.6425
39587,89.24,3.6425
39592,89.25,3.6425
39597,89.26,3.6425
39601,89.27,3.6425
39606,89.28,3.6425
39611,89.29,3.6425
39615,89.3,3.6425
39620,89.31,3.6425
39625,89.32,3.6425
39630,89.33,3.6425
39634,89.34,3.6425
39639,89.35,3.6425
39643,89.36,3.6425
39648,89.37,3.6425
39653,89.38,3.6425
39657,89.39,3.6425
39662,89.4,3.6425
39667,89.41,3.6425
39671,89.42,3.6425
39676,89.43,3.6425
39681,89.44,3.6425
39685,89.45,3.6425
39690,89.46,3.6425
39695,89.47,3.6418749999999998
39699,89.48,3.64125
39704,89.49,3.64125
39709,89.5,3.64125
39713,89.51,3.6418749999999998
39718,89.52,3.64125
39723,89.53,3.64125
39727,89.54,3.64125
39732,89.55,3.64125
39737,89.56,3.64125
39741,89.57,3.64125
39746,89.58,3.64125
39751,89.59,3.64125
39756,89.6,3.64125
39760,89.61,3.64125
39765,89.62,3.64125
39770,89.63,3.64125
39774,89.64,3.64125
39779,89.65,3.64125
39784,89.66,3.64125
39788,89.67,3.64125
39793,89.68,3.64125
39798,89.69,3.64125
39802,89.7,3.64125
39807,89.71,3.64125
39812,89.72,3.64125
39817,89.73,3.64125
39821,89.74,3.64125
39826,89.75,3.64125
39831,89.76,3.64125
39835,89.77,3.64125
39840,89.78,3.64125
39845,89.79,3.64125
39849,89.8,3.64125
39854,89.81,3.640625
39859,89.82,3.640625
39863,89.83,3.64125
39868,89.84,3.64
39873,89.85,3.640625
39877,89.86,3.640625
39882,89.87,3.64
39887,89.88,3.64
39891,89.89,3.64
39896,89.9,3.64
39901,89.91,3.64
39905,89.92,3.64
39910,89.93,3.64
39915,89.94,3.64
39920,89.95,3.64
39924,89.96,3.64
39929,89.97,3.64
39934,89.98,3.64
39938,89.99,3.64
39943,90.0,3.64
39948,90.01,3.64
39952,90.02,3.64
39957,90.03,3.64
39962,90.04,3.64
39967,90.05,3.64
39971,90.06,3.64
39976,90.07,3.64
39981,90.08,3.64
39985,90.09,3.6393750000000002
39990,90.1,3.6393750000000002
39995,90.11,3.63875
39999,90.12,3.63875
40004,90.13,3.63875
40009,90.14,3.6393750000000002
40014,90.15,3.63875
40018,90.16,3.63875
40023,90.17,3.63875
40028,90.18,3.63875
40032,90.19,3.63875
40037,90.2,3.63875
40042,90.21,3.63875
40046,90.22,3.63875
40051,90.23,3.63875
40056,90.24,3.63875
40060,90.25,3.63875
40065,90.26,3.63875
40070,90.27,3.63875
40074,90.28,3.63875
40079,90.29,3.63875
40084,90.3,3.63875
40088,90.31,3.63875
40093,90.32,3.63875
40098,90.33,3.63875
40102,90.34,3.63875
40107,90.35,3.63875
40112,90.36,3.63875
40116,90.37,3.63875
40121,90.38,3.638125
40126,90.39,3.638125
40130,90.4,3.63875
40135,90.41,3.63875
40140,90.42,3.638125
40144,90.43,3.6375
40149,90.44,3.638125
40153,90.45,3.6375
40158,90.46,3.6375
40163,90.47,3.6375
40167,90.48,3.6375
40172,90.49,3.6375
40177,90.5,3.6375
40181,90.51,3.6375
40186,90.52,3.6375
40191,90.53,3.6375
40195,90.54,3.6375
40200,90.55,3.6375
40205,90.56,3.6375
40209,90.57,3.6375
40214,90.58,3.6375
40219,90.59,3.6375
40223,90.6,3.6375
40228,90.61,3.6375
40233,90.62,3.6375
40237,90.63,3.6375
40242,90.64,3.6375
40247,90.65,3.6375
40251,90.66,3.636875
40256,90.67,3.636875
40261,90.68,3.6375
40265,90.69,3.636875
40270,90.7,3.63625
40275,90.71,3.636875
40280,90.72,3.63625
40284,90.73,3.63625
40289,90.74,3.63625
40294,90.75,3.63625
40298,90.76,3.63625
40303,90.77,3.63625
40308,90.78,3.63625
40312,90.79,3.63625
40317,90.8,3.63625
40322,90.81,3.63625
40326,90.82,3.63625
40331,90.83,3.63625
40336,90.84,3.63625
40340,90.85,3.63625
40345,90.86,3.63625
40350,90.87,3.63625
40354,90.88,3.63625
40359,90.89,3.63625
40364,90.9,3.63625
40369,90.91,3.63625
40373,90.92,3.63625
40378,90.93,3.63625
40383,90.94,3.63625
40387,90.95,3.63625
40392,90.96,3.63625
40397,90.97,3.63625
40401,90.98,3.635625
40406,90.99,3.635625
40411,91.0,3.635625
40415,91.01,3.635625
40420,91.02,3.635
40425,91.03,3.635
40429,91.04,3.635
40434,91.05,3.635
40439,91.06,3.635
40443,91.07,3.635
40448,91.08,3.635
40453,91.09,3.635
40458,91.1,3.635
40462,91.11,3.635
40467,91.12,3.635
40472,91.13,3.635
40476,91.14,3.635
40481,91.15,3.635
40486,91.16,3.635
40491,91.17,3.634375
40495,91.18,3.635
40500,91.19,3.634375
40505,91.2,3.63375
40509,91.21,3.63375
40514,91.22,3.63375
40519,91.23,3.63375
40523,91.24,3.63375
40528,91.25,3.63375
40533,91.26,3.63375
40538,91.27,3.63375
40542,91.28,3.63375
40547,91.29,3.63375
40552,91.3,3.63375
40556,91.31,3.63375
40561,91.32,3.63375
40566,91.33,3.63375
40570,91.34,3.63375
40575,91.35,3.63375
40580,91.36,3.63375
40584,91.37,3.63375
40589,91.38,3.63375
40594,91.39,3.63375
40599,91.4,3.63375
40603,91.41,3.63375
40608,91.42,3.63375
40612,91.43,3.6331249999999997
40617,91.44,3.63375
40622,91.45,3.6331249999999997
40626,91.46,3.63375
40631,91.47,3.6325
40636,91.48,3.6325
40640,91.49,3.6325
40645,91.5,3.6325
40650,91.51,3.6325
40654,91.52,3.6325
40659,91.53,3.6325
40664,91.54,3.6325
40669,91.55,3.6325
40673,91.56,3.6325
40678,91.57,3.6325
40683,91.58,3.6325
40687,91.59,3.6325
40692,91.6,3.6325
40697,91.61,3.6325
40701,91.62,3.6325
40706,91.63,3.631875
40711,91.64,3.6325
40715,91.65,3.631875
40720,91.66,3.631875
40725,91.67,3.63125
40729,91.68,3.631875
40734,91.69,3.631875
40739,91.7,3.631875
40743,91.71,3.631875
40748,91.72,3.631875
40753,91.73,3.63125
40758,91.74,3.63125
40762,91.75,3.63125
40767,91.76,3.63125
40772,91.77,3.63125
40776,91.78,3.63125
40781,91.79,3.63125
40786,91.8,3.63125
40790,91.81,3.63125
40795,91.82,3.63125
40800,91.83,3.63125
40804,91.84,3.63125
40809,91.85,3.63125
40814,91.86,3.630625
40819,91.87,3.630625
40823,91.88,3.630625
40828,91.89,3.63
40833,91.9,3.630625
40837,91.91,3.63
40842,91.92,3.63
40847,91.93,3.63
40851,91.94,3.63
40856,91.95,3.63
40861,91.96,3.63
40865,91.97,3.63
40870,91.98,3.63
40875,91.99,3.63
40880,92.0,3.63
40884,92.01,3.63
40889,92.02,3.63
40894,92.03,3.63
40898,92.04,3.63
40903,92.05,3.63
40908,92.06,3.63
40912,92.07,3.63
40917,92.08,3.629375
40922,92.09,3.629375
40926,92.1,3.629375
40931,92.11,3.629375
40936,92.12,3.629375
40940,92.13,3.63
40945,92.14,3.62875
40950,92.15,3.62875
40955,92.16,3.62875
40959,92.17,3.62875
40964,92.18,3.62875
40969,92.19,3.62875
40973,92.2,3.62875
40978,92.21,3.62875
40983,92.22,3.62875
40987,92.23,3.62875
40992,92.24,3.62875
40997,92.25,3.62875
41001,92.26,3.62875
41006,92.27,3.62875
41011,92.28,3.62875
41016,92.29,3.62875
41020,92.3,3.628125
41025,92.31,3.62875
41030,92.32,3.628125
41034,92.33,3.6275
41039,92.34,3.6275
41044,92.35,3.6275
41049,92.36,3.6275
41053,92.37,3.6275
41058,92.38,3.6275
41063,92.39,3.6275
41067,92.4,3.6275
41072,92.41,3.6275
41077,92.42,3.6275
41082,92.43,3.6275
41086,92.44,3.6275
41091,92.45,3.6275
41096,92.46,3.62625
41100,92.47,3.626875
41105,92.48,3.62625
41110,92.49,3.62625
41115,92.5,3.62625
41119,92.51,3.62625
41124,92.52,3.62625
41129,92.53,3.62625
41133,92.54,3.62625
41138,92.55,3.62625
41143,92.56,3.62625
41148,92.57,3.6256250000000003
41152,92.58,3.6256250000000003
41157,92.59,3.6256250000000003
41162,92.6,3.6256250000000003
41166,92.61,3.625
41171,92.62,3.625
41176,92.63,3.625
41181,92.64,3.625
41185,92.65,3.625
41190,92.66,3.625
41195,92.67,3.625
41199,92.68,3.625
41204,92.69,3.625
41209,92.7,3.625
41214,92.71,3.625
41218,92.72,3.625
41223,92.73,3.625
41228,92.74,3.625
41232,92.75,3.625
41237,92.76,3.625
41242,92.77,3.625
41246,92.78,3.625
41251,92.79,3.62375
41256,92.8,3.62375
41260,92.81,3.62375
41265,92.82,3.62375
41270,92.83,3.62375
41274,92.84,3.62375
41279,92.85,3.62375
41284,92.86,3.62375
41288,92.87,3.62375
41293,92.88,3.62375
41298,92.89,3.62375
41303,92.9,3.62375
41307,92.91,3.62375
41312,92.92,3.6225
41317,92.93,3.623125
41321,92.94,3.623125
41326,92.95,3.6225
41331,92.96,3.6225
41335,92.97,3.6225
41340,92.98,3.6225
41345,92.99,3.6225
41350,93.0,3.6225
41354,93.01,3.6225
41359,93.02,3.6225
41364,93.03,3.6225
41368,93.04,3.621875
41373,93.05,3.62125
41378,93.06,3.621875
41382,93.07,3.62125
41387,93.08,3.62125
41392,93.09,3.62125
41397,93.1,3.62125
41401,93.11,3.62125
41406,93.12,3.62125
41411,93.13,3.62125
41416,93.14,3.62125
41420,93.15,3.62
41425,93.16,3.62
41430,93.17,3.62
41434,93.18,3.62
41439,93.19,3.62
41444,93.2,3.62
41448,93.21,3.62
41453,93.22,3.62
41458,93.23,3.62
41463,93.24,3.62
41467,93.25,3.62
41472,93.26,3.62
41477,93.27,3.619375
41481,93.28,3.61875
41486,93.29,3.61875
41491,93.3,3.61875
41495,93.31,3.61875
41500,93.32,3.61875
41505,93.33,3.61875
41509,93.34,3.61875
41514,93.35,3.61875
41519,93.36,3.6175
41523,93.37,3.618125
41528,93.38,3.6175
41533,93.39,3.6175
41538,93.4,3.6175
41542,93.41,3.6175
41547,93.42,3.6175
41552,93.43,3.6175
41556,93.44,3.61625
41561,93.45,3.6168750000000003
41566,93.46,3.61625
41571,93.47,3.61625
41575,93.48,3.61625
41580,93.49,3.61625
41585,93.5,3.61625
41589,93.51,3.61625
41594,93.52,3.61625
41599,93.53,3.61625
41604,93.54,3.615
41608,93.55,3.615
41613,93.56,3.615
41618,93.57,3.615
41622,93.58,3.615
41627,93.59,3.615
41632,93.6,3.615
41636,93.61,3.615
41641,93.62,3.615
41646,93.63,3.615
41651,93.64,3.61375
41655,93.65,3.61375
41660,93.66,3.61375
41665,93.67,3.61375
41669,93.68,3.61375
41674,93.69,3.613125
41679,93.7,3.6125
41684,93.71,3.6125
41688,93.72,3.6125
41693,93.73,3.6125
41698,93.74,3.6125
41703,93.75,3.6125
41707,93.76,3.6125
41712,93.77,3.61125
41717,93.78,3.61125
41721,93.79,3.61125
41726,93.8,3.61125
41731,93.81,3.61125
41736,93.82,3.61125
41740,93.83,3.61125
41745,93.84,3.61
41750,93.85,3.61
41754,93.86,3.61
41759,93.87,3.61
41764,93.88,3.61
41768,93.89,3.609375
41773,93.9,3.60875
41778,93.91,3.60875
41782,93.92,3.60875
41787,93.93,3.60875
41792,93.94,3.60875
41796,93.95,3.60875
41801,93.96,3.6075
41806,93.97,3.6075
41810,93.98,3.6075
41815,93.99,3.6075
41820,94.0,3.6075
41825,94.01,3.606875
41829,94.02,3.60625
41834,94.03,3.60625
41839,94.04,3.60625
41843,94.05,3.60625
41848,94.06,3.605625
41853,94.07,3.605
41857,94.08,3.605625
41862,94.09,3.605
41867,94.1,3.605
41872,94.11,3.60375
41876,94.12,3.60375
41881,94.13,3.60375
41886,94.14,3.60375
41891,94.15,3.60375
41895,94.16,3.60375
41900,94.17,3.6025
41905,94.18,3.6025
41910,94.19,3.6025
41914,94.2,3.6025
41919,94.21,3.6025
41924,94.22,3.6025
41928,94.23,3.60125
41933,94.24,3.60125
41938,94.25,3.60125
41943,94.26,3.60125
41947,94.27,3.60125
41952,94.28,3.6
41957,94.29,3.6
41962,94.3,3.6
41966,94.31,3.6
41971,94.32,3.599375
41976,94.33,3.59875
41981,94.34,3.59875
41985,94.35,3.59875
41990,94.36,3.5975
41995,94.37,3.5975
42000,94.38,3.5975
42004,94.39,3.5975
42009,94.4,3.5975
42014,94.41,3.596875
42018,94.42,3.59625
42023,94.43,3.59625
42028,94.44,3.59625
42033,94.45,3.595
42037,94.46,3.595
42042,94.47,3.595
42047,94.48,3.595
42052,94.49,3.595
42056,94.5,3.59375
42061,94.51,3.59375
42066,94.52,3.59375
42070,94.53,3.59375
42075,94.54,3.5925
42080,94.55,3.5925
42085,94.56,3.5925
42089,94.57,3.5925
42094,94.58,3.59125
42099,94.59,3.59125
42104,94.6,3.590625
42108,94.61,3.590625
42113,94.62,3.59
42118,94.63,3.59
42122,94.64,3.59
42127,94.65,3.58875
42132,94.66,3.58875
42137,94.67,3.58875
42141,94.68,3.58875
42146,94.69,3.5875
42151,94.7,3.5875
42156,94.71,3.5875
42160,94.72,3.586875
42165,94.73,3.58625
42170,94.74,3.58625
42175,94.75,3.5856250000000003
42179,94.76,3.585
42184,94.77,3.585
42189,94.78,3.585
42194,94.79,3.585
42199,94.8,3.58375
42203,94.81,3.58375
42208,94.82,3.58375
42213,94.83,3.5825
42218,94.84,3.5825
42222,94.85,3.5825
42227,94.86,3.5825
42232,94.87,3.58125
42237,94.88,3.58125
42241,94.89,3.58125
42246,94.9,3.58125
42251,94.91,3.580625
42256,94.92,3.58
42260,94.93,3.58
42265,94.94,3.58
42270,94.95,3.57875
42274,94.96,3.57875
42279,94.97,3.57875
42284,94.98,3.5775
42289,94.99,3.5775
42294,95.0,3.5775
42298,95.01,3.5768750000000002
42303,95.02,3.57625
42308,95.03,3.57625
42312,95.04,3.57625
42317,95.05,3.575
42322,95.06,3.575
42327,95.07,3.574375
42331,95.08,3.57375
42336,95.09,3.57375
42341,95.1,3.57375
42346,95.11,3.5725
42350,95.12,3.5725
42355,95.13,3.5725
42360,95.14,3.571875
42365,95.15,3.57125
42369,95.16,3.57125
42374,95.17,3.57125
42379,95.18,3.57
42384,95.19,3.57
42388,95.2,3.56875
42393,95.21,3.56875
42398,95.22,3.56875
42403,95.23,3.56875
42407,95.24,3.5675
42412,95.25,3.5675
42417,95.26,3.5675
42422,95.27,3.56625
42426,95.28,3.56625
42431,95.29,3.56625
42436,95.3,3.565
42441,95.31,3.565
42446,95.32,3.564375
42450,95.33,3.56375
42455,95.34,3.56375
42460,95.35,3.5625
42465,95.36,3.5625
42469,95.37,3.5625
42474,95.38,3.56125
42479,95.39,3.56125
42484,95.4,3.56125
42489,95.41,3.56
42493,95.42,3.56
42498,95.43,3.559375
42503,95.44,3.55875
42508,95.45,3.55875
42513,95.46,3.55875
42517,95.47,3.5575
42522,95.48,3.5575
42527,95.49,3.556875
42532,95.5,3.55625
42536,95.51,3.55625
42541,95.52,3.555625
42546,95.53,3.555
42551,95.54,3.555
42556,95.55,3.55375
42560,95.56,3.55375
42565,95.57,3.55375
42570,95.58,3.5525
42574,95.59,3.5525
42579,95.6,3.5525
42584,95.61,3.55125
42589,95.62,3.55125
42593,95.63,3.550625
42598,95.64,3.55
42603,95.65,3.55
42608,95.66,3.549375
42612,95.67,3.549375
42617,95.68,3.5481249999999998
42622,95.69,3.5475
42627,95.7,3.5475
42632,95.71,3.54625
42636,95.72,3.54625
42641,95.73,3.54625
42646,95.74,3.545
42651,95.75,3.545
42655,95.76,3.545
42660,95.77,3.54375
42665,95.78,3.54375
42670,95.79,3.5425
42675,95.8,3.5425
42679,95.81,3.5425
42684,95.82,3.54125
42689,95.83,3.54125
42694,95.84,3.540625
42699,95.85,3.54
42703,95.86,3.54
42708,95.87,3.53875
42713,95.88,3.53875
42718,95.89,3.5375
42723,95.9,3.5375
42727,95.91,3.5375
42732,95.92,3.53625
42737,95.93,3.53625
42742,95.94,3.535
42747,95.95,3.535
42751,95.96,3.535
42756,95.97,3.53375
42761,95.98,3.53375
42766,95.99,3.533125
42771,96.0,3.5325
42775,96.01,3.5318750000000003
42780,96.02,3.53125
42785,96.03,3.53125
42790,96.04,3.53
42795,96.05,3.53
42799,96.06,3.53
42804,96.07,3.52875
42809,96.08,3.52875
42814,96.09,3.5275
42819,96.1,3.5275
42823,96.11,3.5275
42828,96.12,3.52625
42833,96.13,3.52625
42838,96.14,3.525
42843,96.15,3.525
42847,96.16,3.525
42852,96.17,3.52375
42857,96.18,3.52375
42862,96.19,3.5225
42867,96.2,3.5225
42871,96.21,3.521875
42876,96.22,3.52125
42881,96.23,3.52125
42886,96.24,3.52
42891,96.25,3.52
42895,96.26,3.51875
42900,96.27,3.51875
42905,96.28,3.518125
42910,96.29,3.5175
42915,96.3,3.51625
42919,96.31,3.51625
42924,96.32,3.51625
42929,96.33,3.515
42934,96.34,3.515
42939,96.35,3.51375
42944,96.36,3.51375
42948,96.37,3.5125
42953,96.38,3.5125
42958,96.39,3.51125
42963,96.4,3.51125
42968,96.41,3.510625
42973,96.42,3.51
42978,96.43,3.50875
42982,96.44,3.50875
42987,96.45,3.50875
42992,96.46,3.5075
42997,96.47,3.5075
43002,96.48,3.50625
43006,96.49,3.50625
43011,96.5,3.505
43016,96.51,3.504375
43021,96.52,3.50375
43026,96.53,3.50375
43031,96.54,3.5025
43036,96.55,3.5025
43040,96.56,3.50125
43045,96.57,3.50125
43050,96.58,3.5
43055,96.59,3.5
43060,96.6,3.4993749999999997
43064,96.61,3.49875
43069,96.62,3.49875
43074,96.63,3.4975
43079,96.64,3.49625
43084,96.65,3.49625
43088,96.66,3.495625
43093,96.67,3.495
43098,96.68,3.495
43103,96.69,3.49375
43108,96.7,3.49375
43112,96.71,3.4925
43117,96.72,3.4918750000000003
43122,96.73,3.49125
43127,96.74,3.49125
43132,96.75,3.49
43136,96.76,3.49
43141,96.77,3.48875
43146,96.78,3.48875
43151,96.79,3.4875
43156,96.8,3.486875
43160,96.81,3.48625
43165,96.82,3.48625
43170,96.83,3.485
43175,96.84,3.485
43180,96.85,3.48375
43185,96.86,3.4825
43189,96.87,3.4825
43194,96.88,3.481875
43199,96.89,3.48125
43204,96.9,3.480625
43209,96.91,3.48
43214,96.92,3.47875
43219,96.93,3.47875
43223,96.94,3.4775
43228,96.95,3.4775
43233,96.96,3.47625
43238,96.97,3.475
43243,96.98,3.475
43248,96.99,3.47375
43253,97.0,3.47375
43257,97.01,3.47375
43262,97.02,3.4725
43267,97.03,3.4725
43272,97.04,3.47125
43277,97.05,3.47
43282,97.06,3.47
43287,97.07,3.46875
43291,97.08,3.46875
43296,97.09,3.4675
43301,97.1,3.466875
43306,97.11,3.46625
43311,97.12,3.465625
43316,97.13,3.465
43321,97.14,3.46375
43326,97.15,3.46375
43330,97.16,3.4625
43335,97.17,3.4625
43340,97.18,3.46125
43345,97.19,3.46125
43350,97.2,3.46
43355,97.21,3.459375
43360,97.22,3.45875
43365,97.23,3.4575
43369,97.24,3.4575
43374,97.25,3.45625
43379,97.26,3.455625
43384,97.27,3.455
43389,97.28,3.45375
43394,97.29,3.45375
43399,97.3,3.4525
43404,97.31,3.4525
43408,97.32,3.45125
43413,97.33,3.45125
43418,97.34,3.45
43423,97.35,3.44875
43428,97.36,3.448125
43433,97.37,3.4475
43438,97.38,3.446875
43443,97.39,3.44625
43448,97.4,3.445
43453,97.41,3.444375
43457,97.42,3.44375
43462,97.43,3.4425
43467,97.44,3.4425
43472,97.45,3.44125
43477,97.46,3.44
43482,97.47,3.44
43487,97.48,3.43875
43492,97.49,3.4381250000000003
43497,97.5,3.4375
43502,97.51,3.43625
43507,97.52,3.435
43512,97.53,3.435
43516,97.54,3.43375
43521,97.55,3.43375
43526,97.56,3.4325
43531,97.57,3.43125
43536,97.58,3.43125
43541,97.59,3.43
43546,97.6,3.4293750000000003
43551,97.61,3.428125
43556,97.62,3.4275
43561,97.63,3.42625
43565,97.64,3.42625
43570,97.65,3.425
43575,97.66,3.424375
43580,97.67,3.42375
43585,97.68,3.4225
43590,97.69,3.421875
43595,97.7,3.42125
43600,97.71,3.42
43605,97.72,3.41875
43609,97.73,3.41875
43614,97.74,3.4175
43619,97.75,3.41625
43624,97.76,3.41625
43629,97.77,3.415
43634,97.78,3.41375
43639,97.79,3.413125
43644,97.8,3.4125
43649,97.81,3.41125
43654,97.82,3.410625
43658,97.83,3.41
43663,97.84,3.40875
43668,97.85,3.408125
43673,97.86,3.4075
43678,97.87,3.40625
43683,97.88,3.405
43688,97.89,3.404375
43693,97.9,3.40375
43698,97.91,3.4025
43702,97.92,3.40125
43707,97.93,3.40125
43712,97.94,3.4
43717,97.95,3.39875
43722,97.96,3.3981250000000003
43727,97.97,3.396875
43732,97.98,3.39625
43737,97.99,3.395
43742,98.0,3.395
43747,98.01,3.393125
43752,98.02,3.3925
43757,98.03,3.39125
43762,98.04,3.39
43767,98.05,3.38875
43772,98.06,3.38875
43777,98.07,3.3875
43782,98.08,3.38625
43787,98.09,3.385
43792,98.1,3.384375
43796,98.11,3.38375
43801,98.12,3.3825
43806,98.13,3.381875
43811,98.14,3.380625
43816,98.15,3.38
43821,98.16,3.37875
43826,98.17,3.3775
43831,98.18,3.376875
43836,98.19,3.3756250000000003
43841,98.2,3.3743749999999997
43846,98.21,3.37375
43851,98.22,3.3725
43856,98.23,3.37125
43861,98.24,3.37
43866,98.25,3.369375
43871,98.26,3.368125
43876,98.27,3.3675
43881,98.28,3.36625
43886,98.29,3.365
43891,98.3,3.364375
43896,98.31,3.363125
43901,98.32,3.361875
43906,98.33,3.36125
43911,98.34,3.36
43916,98.35,3.35875
43921,98.36,3.3575
43926,98.37,3.35625
43931,98.38,3.355
43936,98.39,3.35375
43941,98.4,3.3525
43946,98.41,3.3518749999999997
43951,98.42,3.35125
43956,98.43,3.35
43961,98.44,3.34875
43966,98.45,3.3475
43971,98.46,3.34625
43976,98.47,3.345
43981,98.48,3.34375
43986,98.49,3.3425
43991,98.5,3.34125
43996,98.51,3.34
44001,98.52,3.33875
44006,98.53,3.3375
44011,98.54,3.33625
44016,98.55,3.335
44021,98.56,3.33375
44026,98.57,3.3325
44031,98.58,3.331875
44036,98.59,3.330625
44041,98.6,3.33
44046,98.61,3.328125
44051,98.62,3.3268750000000002
44056,98.63,3.325625
44061,98.64,3.324375
44066,98.65,3.3225
44071,98.66,3.321875
44076,98.67,3.3206249999999997
44081,98.68,3.319375
44086,98.69,3.318125
44091,98.7,3.31625
44096,98.71,3.315
44101,98.72,3.31375
44107,98.73,3.3125
44112,98.74,3.310625
44117,98.75,3.309375
44122,98.76,3.308125
44127,98.77,3.30625
44132,98.78,3.305
44137,98.79,3.30375
44142,98.8,3.3025
44147,98.81,3.30125
44152,98.82,3.3
44157,98.83,3.29875
44162,98.84,3.2975
44167,98.85,3.29625
44172,98.86,3.295
44178,98.87,3.2925
44183,98.88,3.29125
44188,98.89,3.29
44193,98.9,3.288125
44198,98.91,3.286875
44203,98.92,3.285
44208,98.93,3.28375
44213,98.94,3.2825
44218,98.95,3.28125
44223,98.96,3.28
44228,98.97,3.278125
44234,98.98,3.27625
44239,98.99,3.275
44244,99.0,3.27375
44249,99.01,3.271875
44254,99.02,3.27
44259,99.03,3.26875
44264,99.04,3.2675
44269,99.05,3.265
44275,99.06,3.26375
44280,99.07,3.261875
44285,99.08,3.260625
44290,99.09,3.25875
44295,99.1,3.256875
44300,99.11,3.255
44305,99.12,3.25375
44310,99.13,3.251875
44316,99.14,3.25
44321,99.15,3.2475
44326,99.16,3.24625
44331,99.17,3.244375
44336,99.18,3.243125
44341,99.19,3.24125
44346,99.2,3.239375
44352,99.21,3.2375
44357,99.22,3.2356249999999998
44362,99.23,3.23375
44367,99.24,3.231875
44372,99.25,3.23
44377,99.26,3.228125
44383,99.27,3.22625
44388,99.28,3.22375
44393,99.29,3.221875
44398,99.3,3.22
44403,99.31,3.2181249999999997
44408,99.32,3.21625
44414,99.33,3.21375
44419,99.34,3.211875
44424,99.35,3.21
44429,99.36,3.2075
44434,99.37,3.205625
44439,99.38,3.20375
44445,99.39,3.20125
44450,99.4,3.199375
44455,99.41,3.196875
44460,99.42,3.195
44465,99.43,3.193125
44471,99.44,3.19
44476,99.45,3.1881250000000003
44481,99.46,3.18625
44486,99.47,3.18375
44491,99.48,3.18125
44497,99.49,3.17875
44502,99.5,3.17625
44507,99.51,3.174375
44512,99.52,3.171875
44518,99.53,3.16875
44523,99.54,3.166875
44528,99.55,3.16375
44533,99.56,3.161875
44538,99.57,3.159375
44544,99.58,3.1556249999999997
44549,99.59,3.15375
44554,99.6,3.15125
44559,99.61,3.1481250000000003
44565,99.62,3.145
44570,99.63,3.1425
44575,99.64,3.14
44580,99.65,3.136875
44586,99.66,3.13375
44591,99.67,3.130625
44596,99.68,3.128125
44602,99.69,3.1243749999999997
44607,99.7,3.121875
44612,99.71,3.11875
44618,99.72,3.115
44623,99.73,3.111875
44628,99.74,3.10875
44634,99.75,3.104375
44639,99.76,3.1018749999999997
44644,99.77,3.09875
44650,99.78,3.0943750000000003
44655,99.79,3.09125
44660,99.8,3.088125
44666,99.81,3.08375
44671,99.82,3.080625
44676,99.83,3.0768750000000002
44682,99.84,3.0725
44687,99.85,3.06875
44693,99.86,3.064375
44698,99.87,3.060625
44703,99.88,3.056875
44709,99.89,3.051875
44714,99.9,3.0481249999999998
44720,99.91,3.04375
44725,99.92,3.04
44730,99.93,3.03625
44736,99.94,3.0318750000000003
44741,99.95,3.026875
44747,99.96,3.021875
44752,99.97,3.018125
44758,99.98,3.0125
44763,99.99,3.0081249999999997
44768,100.0,3.004375
44769,100.0,3.00375
